scenarioID,year,avgBM_0,avgBM_1,avgBM_2,avgBM_3,avgBM_4,avgBM_5,avgTD_0,avgTD_1,avgTD_2,avgTD_3,avgTD_4,avgTD_5,avgEI_0,avgEI_1,avgEI_2,avgEI_3,avgEI_4,avgEI_5,avgSSG_0,avgSSG_1,avgSSG_2,avgSSG_3,avgSSG_4,avgSSG_5,friBM,friTD,friEI,friSSG,count_0,count_1,count_2,count_3,count_4,count_5,gMentor0,gMentor1,gMentor3,annualRetireeCount,annualHireCount,crisisState,scenarioLabel
0,2027.01,3.8327188499157576,4.689529722626832,4.8213225615367605,4.373173105289734,4.804759909444021,4.668701227801397,3.77034127339496,4.755928121070318,4.823896177582956,4.507200956566093,4.791067540797422,4.690335368169173,3.4984577901153364,4.736705081162672,3.656990664796808,4.785439420320332,3.4000715923649705,3.1583144213052603,4.05714124526457,4.658492355745713,4.932180917556056,4.398279437979026,4.93395277213251,4.844989982472681,0.9099053627760252,0.8364668769716088,0.8442902208201892,0.9482649842271292,3025,550,233,3652,63,402,0.385707741639945,0.6467065868263473,0.5210329029571013,0,0,0,A - Intended Baseline
0,2028.01,3.735628153792917,4.243376511503994,4.854998331903524,4.224430022408666,4.843900626436361,4.6933866581016535,3.679270893971384,4.431952259325786,4.854753020176121,4.425666086780434,4.831143733907735,4.709524736905796,3.312140755101922,4.497706113761438,3.681572429919104,4.681405373815107,3.436804878377384,3.164846457125699,3.94014860994834,4.155604887897402,4.953097916175442,4.178510943567392,4.9538252887443495,4.863171755329763,0.8800945732943031,0.8630938977707724,0.8013960819635217,0.921526683179464,3296,740,229,4166,62,389,0.3274265002013693,0.3962264150943396,0.4136409908381405,303,0,0,A - Intended Baseline
0,2029.01,3.730157180062714,4.177527698629525,4.870442356715815,4.20866382606673,4.880763252114451,4.71657258217186,3.672085070394476,4.394567650381288,4.8708199828563385,4.435763093625492,4.867642686832587,4.729660489115211,3.268013677827805,4.492327528054465,3.69737695586319,4.682662613620681,3.477602797091559,3.18541992873653,3.924991670610291,4.080404924898648,4.953700765263092,4.135753373906772,4.970078365711062,4.8766544044737135,0.8729738670195171,0.8734149299812548,0.7921490792810674,0.9144337854228692,3331,797,228,4275,62,376,0.3109012199921291,0.3417508417508417,0.3812600969305331,293,15,0,A - Intended Baseline
0,2030.01,3.7366315388905607,4.140245987627557,4.887624799254226,4.211421967532107,4.907757111584944,4.724823394550989,3.675515906024815,4.380227840369242,4.885334482824208,4.456435779894912,4.891945894652769,4.735393188450626,3.237634592866376,4.501663061280489,3.698091916834262,4.697237200821959,3.488036675384831,3.188816818275358,3.924019687751634,4.032366139035688,4.957040677335173,4.116869568912771,4.983632640001825,4.879162639742987,0.8826502582133832,0.8819909900010988,0.7850785627952972,0.9237446434457752,3298,845,217,4315,59,367,0.2974036191974823,0.2980030721966206,0.3603404791929382,324,15,0,A - Intended Baseline
0,2031.01,3.736447771173816,4.104090614009665,4.913584569699364,4.208139182970575,4.930800052122411,4.718721616387602,3.673287975997372,4.365298581355604,4.909679876638578,4.470489918879297,4.918963652664568,4.726503126621589,3.202356150834467,4.510934100520944,3.723108224519413,4.705890422744405,3.517420338992056,3.1744310933860858,3.915282805546063,3.9885731205895634,4.966184216970599,4.09021336707523,4.995026269528284,4.871955089993655,0.8958378261807203,0.8905542376536554,0.7765796851412551,0.9353029976277766,3311,909,213,4427,58,356,0.2813467492260061,0.2695530726256983,0.3346397347000301,262,16,0,A - Intended Baseline
0,2032.01,3.7517271532042384,4.074911310157762,4.921199372017316,4.208679945584132,4.950918465438595,4.722838499584849,3.6863337407065178,4.355000459947874,4.917125376872333,4.486288035307285,4.938201313825858,4.722805035476924,3.17520763140771,4.522672944147367,3.730040968563823,4.717130672725064,3.5313811309258045,3.1534500552120703,3.9229048937883113,3.952767068947437,4.957574245266854,4.067247355749848,5.0,4.875806270676887,0.8963303733818337,0.8982561249598802,0.7722263827966193,0.9343104739488606,3291,955,211,4507,56,327,0.2701659590891547,0.2402597402597402,0.3097936646323743,305,13,0,A - Intended Baseline
0,2033.01,3.7877934424455386,4.115434021026196,4.931087030652182,4.25356973934968,4.967342333568124,4.72603353798652,3.71850318479917,4.400269411733199,4.930473816650497,4.532221213040324,4.955526536953408,4.722208389245283,3.185724881155601,4.582195133594299,3.747397366301057,4.762669500279937,3.5581856436414525,3.148972528144147,3.956386661976805,3.991770979592462,4.95642334108026,4.101881697270096,5.0,4.874845966120576,0.9066725294052984,0.9013960646366934,0.7749807628888644,0.942838298340112,3160,945,207,4421,55,309,0.2680577849117175,0.23046875,0.3056704075605434,265,15,0,A - Intended Baseline
0,2034.01,3.823519000367525,4.141108917020024,4.938407505421729,4.288837896578771,4.980277497082065,4.733189995206335,3.748608518799124,4.43217539901412,4.9390504372701045,4.571572245225374,4.969436259356333,4.7253514567836605,3.1958050702635745,4.627375079962267,3.767426708664804,4.8021365411657975,3.5714635520373013,3.1449987235504397,3.9885192540718126,4.014516683738763,4.954736470947617,4.125372669060229,5.0,4.87519882961617,0.9171095781974444,0.9037656903765692,0.7740585774058577,0.9537487278073052,3053,925,205,4311,52,297,0.2626137303556658,0.2155059132720105,0.2973216972615107,267,13,0,A - Intended Baseline
0,2035.01,3.8563900824860826,4.162945777280212,4.9350562217004565,4.32177986091049,4.99211770187964,4.721986250950301,3.776805148321625,4.460180622378925,4.935239941216965,4.604001938206299,4.980291885247508,4.707925819731423,3.2017508476211485,4.676419446249422,3.723293946346156,4.835009601473603,3.564152907198537,3.118961064978243,4.018390281971423,4.033443227004343,4.949937821558433,4.145682837813567,5.0,4.866869213891617,0.9264448336252188,0.9064798598949212,0.7712784588441332,0.9642732049036776,2942,910,199,4190,48,276,0.2545842217484008,0.1973684210526315,0.2884378843788437,291,13,0,A - Intended Baseline
0,2036.01,3.896374506411582,4.184304760139201,4.935788116012522,4.345026095910826,4.999783107891329,4.6944081540705165,3.811646074148783,4.485301711593385,4.935098220894654,4.619741648024712,4.990484660924364,4.672365904763849,3.2009315756371195,4.721671235860114,3.6770035030520622,4.854923882205575,3.5378645448506143,3.084591935413969,4.053181146377654,4.051955176890092,4.950881612267978,4.153765418738452,5.0,4.846372843509532,0.9277635899306822,0.9090356317645628,0.7668734038672017,0.9657059467347684,2805,897,185,4043,42,251,0.2527914247431889,0.1818181818181818,0.2749921160517187,357,15,0,A - Intended Baseline
0,2037.01,3.936125920617016,4.192362024909807,4.919311309042988,4.373513590818587,5.0,4.674416898314501,3.842763907647374,4.496277409774844,4.917343902236666,4.637762029329275,4.997808587738575,4.641953131423077,3.195824594011482,4.746552325371758,3.621887206578192,4.87341717018948,3.5244912214657496,3.050399425425508,4.087118366165663,4.054310573302433,4.9346481755277605,4.164367607475438,5.0,4.833259991610003,0.9285714285714286,0.911727456940223,0.7594984802431611,0.9678318135764944,2686,874,180,3883,38,235,0.2475615420343706,0.1591511936339522,0.2652329749103942,345,18,0,A - Intended Baseline
0,2038.01,3.97915207921508,4.197996802027206,4.893638976936024,4.398359402640379,5.0,4.68032076727929,3.8782817369312617,4.504924836656457,4.890530519127048,4.650413607464173,5.0,4.6438122669813,3.194086688227445,4.773038429440985,3.564844251089319,4.887168671658922,3.552782336574738,3.052447450761901,4.123803496189476,4.053914736161811,4.908582131613635,4.168895481625279,5.0,4.83750528275324,0.9294660514172708,0.9141727092946604,0.7542518127883981,0.9715227422544496,2580,853,173,3720,37,222,0.2451737451737451,0.1358189081225033,0.25,328,17,0,A - Intended Baseline
0,2039.01,4.009869954885297,4.201200441819038,4.896835098157404,4.419275085788739,4.957027027027027,4.653583987871546,3.899145767540196,4.510895380238571,4.8876888330124535,4.6559831345948375,4.957027027027027,4.602839126703633,3.1899334245833346,4.795149104280936,3.4925382242279186,4.896925880358743,3.5427183338360435,3.012311230315321,4.1494595477972895,4.049575813532616,4.910022841718875,4.166342026218794,4.957027027027027,4.82099468068087,0.929162072767365,0.914691289966924,0.7450385887541345,0.9729878721058436,2492,828,162,3527,37,210,0.2354982647496281,0.1159029649595687,0.2345117255862793,345,16,0,A - Intended Baseline
0,2040.01,4.031997692362599,4.20207221128811,4.896525802260501,4.426944817756194,4.962887605414044,4.624672830282345,3.913547210799243,4.5150374298517,4.884928583483329,4.649418384224767,4.962310510298456,4.566601139591434,3.188834039835057,4.81821273668182,3.456415368484107,4.898717699314578,3.5347479041107888,2.995841505941494,4.16838126321773,4.040624355364989,4.909807763156082,4.149747783170551,4.962887605414044,4.794330037101361,0.9250833212577888,0.9145051441820026,0.7371395449934792,0.972612664831184,2400,796,150,3321,37,197,0.5523932729624839,0.5075757575757576,0.5836909871244635,372,17,0,A - Intended Baseline
0,2041.01,4.3992550452220645,4.425440341287846,4.866602154510178,4.626963897092858,4.921002516114978,4.621470652698261,4.265133165906656,4.719733071676226,4.841134984805968,4.799008933239702,4.919850254918725,4.544473104228893,3.4514876752419563,4.9255555487596485,3.3628936524038,4.950509846901211,3.4301567977700773,2.9523441280428666,4.46175059204099,4.305414420502028,4.889184839638079,4.4408307181002185,4.921002516114978,4.788311794660023,0.9978609625668448,0.9161191749427045,0.8864782276546982,0.9998472116119176,2291,774,139,3121,36,184,0.7555555555555555,0.7086092715231788,0.796776050662061,375,19,0,A - Intended Baseline
0,2042.01,4.589062563278295,4.537781261430785,4.866630815223002,4.730749895925615,4.88398067187976,4.616126451927628,4.454309062685148,4.839368560286935,4.845476448061694,4.8696232092791005,4.88178279369603,4.528908294793733,3.609041340936922,4.93824519602491,3.358067580846557,4.968956609858034,3.348655703562414,2.935420348581712,4.640190660015986,4.472400154884139,4.88354848201614,4.646274719247329,4.88398067187976,4.776560235153625,1.0,0.9191211590511064,0.9635408374462664,1.0,2195,761,134,2981,36,174,0.935626102292769,0.961340206185567,1.0,283,19,0,A - Intended Baseline
0,2043.01,4.699000930480247,4.667981425894035,4.871088933351197,4.82029722614726,4.88874394683932,4.616974605180382,4.603530635947207,4.949098244516687,4.84868962808231,4.912999535883161,4.884879305963934,4.525616727984533,3.763607518460703,4.9510639831291,3.353073311831232,4.983221361321715,3.2857770152890344,2.9245386031115155,4.745802435654283,4.658576973868464,4.8865481314201,4.813631800011114,4.88874394683932,4.761325649317667,1.0,0.9464344396976668,0.964837331580677,1.0,2126,752,128,2877,34,169,1.0,1.0,1.0,209,14,0,A - Intended Baseline
0,2044.01,4.728909669273661,4.715521688295659,4.881338597317616,4.838188573481607,4.896165925031261,4.632336561070479,4.642360330593773,4.966952499335016,4.859956906221607,4.923100916430673,4.890615802299612,4.526905850362728,3.8099126408552393,4.954358206542094,3.349496122226796,4.984973324367172,3.269265266074594,2.8907554309359718,4.772281427198733,4.714643949941153,4.893351421278028,4.839484931642786,4.896165925031261,4.759334249544067,1.0,0.9599528857479388,0.9655056368837288,1.0,2082,745,125,2799,33,159,1.0,1.0,1.0,153,10,0,A - Intended Baseline
0,2045.01,4.74759158128123,4.742495027567168,4.887242716048325,4.857570700338897,4.905163569766719,4.642521231208389,4.664898544212387,4.972814944853343,4.8691449485813285,4.931467290464568,4.898152840807526,4.527765936428324,3.823785509344536,4.957696927283217,3.37741396487378,4.986925833877138,3.2573410279156176,2.8792370023328613,4.787835183643439,4.744665545625636,4.892651667002797,4.860928264065825,4.905163569766719,4.760060966225618,1.0,0.9668099742046432,0.9673258813413586,1.0,2032,739,124,2735,33,152,1.0,1.0,1.0,136,8,0,A - Intended Baseline
0,2046.01,4.765013179084768,4.765520282139519,4.888925601515811,4.87360695152117,4.912000011388233,4.679501721169562,4.683395475422384,4.972426475607593,4.868888115793491,4.937780128765376,4.902672013420216,4.573823781614494,3.840466023023019,4.957603279347074,3.362974724322552,4.988811878365964,3.303112242660988,2.9108978220667776,4.803267107113154,4.76696354027106,4.894060904189978,4.876855448343713,4.912000011388233,4.765685020879109,1.0,0.9720464135021096,0.969760900140647,1.0,1973,733,117,2686,31,148,1.0,1.0,1.0,134,7,0,A - Intended Baseline
0,2047.01,4.785887282660919,4.789989614128553,4.895745892194699,4.88592927627892,4.909818231561409,4.695631581394927,4.708754597104663,4.973694290917773,4.87566434188173,4.9412468508006775,4.8987326849394925,4.584270020008833,3.8482012043680336,4.965052605210435,3.374191708598695,4.990224331756401,3.2267454810941127,2.904973949857105,4.821098550266552,4.791851113611216,4.900233330086126,4.889447124807655,4.909818231561409,4.767126504059447,1.0,0.9768744354110208,0.9714543812104788,1.0,1917,722,113,2613,29,141,1.0,1.0,1.0,160,7,0,A - Intended Baseline
0,2048.01,4.808823117410375,4.816800486183097,4.882630937567989,4.897809183839293,4.919398393904613,4.725740140128062,4.736558968603974,4.981113333795938,4.860917440513713,4.94475206206134,4.905935047279189,4.623888617189335,3.8540260466779817,4.96843097879708,3.346882709703562,4.991113372168092,3.276474511361993,2.9364364744391365,4.840387136859321,4.817245289501103,4.887129729468681,4.900570362050175,4.919398393904613,4.771655755967503,1.0,0.9817164179104476,0.973320895522388,1.0,1851,710,109,2526,28,136,1.0,1.0,1.0,183,8,0,A - Intended Baseline
0,2049.01,4.82252008687333,4.840870789122236,4.892020287172701,4.909594928035626,4.929856334309664,4.739438595455511,4.754502848732054,4.982212588723175,4.871058479892333,4.9484781515256895,4.913771475525948,4.64156314664264,3.8643036447104486,4.971364079473615,3.3656766919591043,4.992510980692118,3.3287108746334213,2.9436099107408027,4.852042903995056,4.84179990937645,4.896501419248172,4.912680541599052,4.929856334309664,4.764415984053944,1.0,0.9848368522072936,0.9765834932821496,1.0,1792,701,106,2457,27,127,1.0,1.0,1.0,159,9,0,A - Intended Baseline
0,2050.01,4.847543853620102,4.863957916606023,4.87112598444341,4.920023839442618,4.913875575206172,4.761242348809508,4.787173261637788,4.982040921364706,4.846769275765736,4.952284787852832,4.8958020186993005,4.677593068847998,3.8659858253232144,4.973138275694594,3.3364091144799284,4.99303193095018,3.1937656267096486,2.9815035165340182,4.873170918051102,4.864725646872178,4.87597292321892,4.922418665292547,4.913875575206172,4.77409440508138,1.0,0.9898909811694748,0.9813676907829534,1.0,1711,697,98,2393,24,122,1.0,1.0,1.0,173,8,0,A - Intended Baseline
0,2051.01,4.870704422479943,4.888102834921912,4.84526153386646,4.932169456777914,4.912417040657027,4.780556676649756,4.81935226200387,4.984638285524698,4.8240462401865045,4.9593319856129945,4.891241187229471,4.7014466521138445,3.86625840020702,4.974917331994811,3.29928977700225,4.994224100535375,3.170967352911468,3.005587513375396,4.89201573495908,4.887904102792208,4.850424577344721,4.934258192957774,4.912417040657027,4.789317945312511,1.0,0.993657937806874,0.9828150572831424,1.0,1641,688,92,2330,22,115,1.0,1.0,1.0,166,9,1,A - Intended Baseline
0,2052.01,4.889567942149035,4.9105928046467024,4.842945797398742,4.9414351407543045,4.840804531450973,4.767522103369,4.846130038812807,4.985187255254826,4.818656233678341,4.963952536299562,4.8162175883657525,4.682722659983584,3.868529924651989,4.977148726225755,3.30765042555418,4.9945924902097385,3.1656523776092462,2.9983076823103385,4.908199290249756,4.910469099090613,4.848600559303503,4.9430743162923285,4.840804531450973,4.775196157788244,1.0,0.996369073045707,0.9831268688594618,1.0,1557,667,84,2248,21,105,1.0,1.0,1.0,214,8,1,A - Intended Baseline
0,2053.01,4.905518719924348,4.933463106842326,4.848074466331596,4.949083172893141,4.852979346626729,4.776588823451712,4.869108966672356,4.985588243365226,4.809337284729489,4.967129396671983,4.819140075265523,4.696820904417162,3.878982005225209,4.979257781197343,3.2686540813789544,4.993944071249487,3.2485757878733037,3.0104799118785324,4.922278706796966,4.933966604168588,4.848074466331596,4.948967775884581,4.852979346626729,4.776978770459885,1.0,0.997109183900378,0.9848788080942852,1.0,1483,649,73,2174,18,100,1.0,1.0,1.0,196,11,1,A - Intended Baseline
0,2054.01,4.919007443001827,4.957479692572526,4.856820345411774,4.958341250954727,4.74867050436351,4.781413674637348,4.887888282516736,4.991124851893806,4.813994104424074,4.9710879925040885,4.711222244154625,4.707086456124275,3.87997763852166,4.980912864655299,3.291437263397097,4.994823279069899,3.134923475447772,3.0419507907859047,4.932265249906269,4.957820254473515,4.856820345411774,4.957053438323519,4.74867050436351,4.781413674637348,1.0,0.9986059479553904,0.9853624535315983,1.0,1412,620,69,2094,17,92,1.0,1.0,1.0,203,10,1,A - Intended Baseline
0,2055.01,4.934237848376841,4.971960941149175,4.851346638284067,4.963887890158517,4.724156106273896,4.801248116020229,4.909564043048191,4.993880648189667,4.807399576410916,4.974763148189716,4.674179161543904,4.736842019194013,3.8780001674576186,4.980704796669111,3.3107159719467893,4.995126496192844,3.1211597207438424,3.105411698083252,4.944745925665641,4.972747395262715,4.851346638284067,4.960995620525883,4.724156106273896,4.801248116020229,1.0,0.999271491015056,0.9868868382710052,1.0,1341,596,65,2014,14,88,1.0,1.0,1.0,196,10,1,A - Intended Baseline
0,2056.01,4.951665057466777,4.9814160606587485,4.866613129180624,4.971669777581775,4.70513768338276,4.809825458065083,4.9338928333623855,4.993694618068569,4.820629457730068,4.980281309095108,4.649561432103883,4.754946223253367,3.8680529559982495,4.984119081558728,3.3257802969331705,4.996077191123123,3.0511184026826426,3.1930906267916144,4.957330524222349,4.982883234367959,4.866613129180624,4.96597572112232,4.70513768338276,4.809825458065083,1.0,0.9994878361075544,0.9884763124199744,1.0,1255,572,56,1925,13,84,1.0,1.0,1.0,223,10,1,A - Intended Baseline
0,2057.01,4.960888278990662,4.990980345591948,4.846270200569459,4.977025462298739,4.715065644618204,4.832974093646795,4.948763818194948,4.996703802103458,4.805662420336771,4.983803784917448,4.639977606670225,4.792130737957075,3.870504919280149,4.985764538627793,3.372512089155573,4.996542783033986,3.088249275443728,3.331972920690005,4.964073124952361,4.9916783533766775,4.846270200569459,4.969054276653178,4.715065644618204,4.832974093646795,1.0,0.9997308934337998,0.9881593110871906,1.0,1201,546,45,1838,11,75,1.0,1.0,1.0,200,11,1,A - Intended Baseline
0,2058.01,4.970087009852029,4.991546876919709,4.872038427582812,4.981683159893679,4.771027591900585,4.824635248101673,4.960796499617076,4.9977351247600765,4.844290691783119,4.987421458634562,4.687151848815962,4.7975208945702565,3.875180788576658,4.985250539578656,3.518377934854681,4.996623711199642,3.1505090559329214,3.467020866876389,4.971687887045011,4.990871736573935,4.872038427582812,4.9704050054568505,4.771027591900585,4.824635248101673,1.0,1.0,0.9898562975486052,1.0,1140,521,39,1771,11,67,1.0,1.0,1.0,177,10,1,A - Intended Baseline
0,2059.01,4.977190248264615,4.991048424332174,4.854569575626569,4.986378553303433,4.780643555994364,4.834639158971224,4.970386120450322,4.997429423906411,4.826948463615639,4.993473409311589,4.682113316107561,4.807515709992368,3.877922473940122,4.986906918353096,3.577258049764625,4.99660615042336,3.1870406228216392,3.518665137453278,4.977739196114569,4.989381163758429,4.854569575626569,4.9723066168571055,4.780643555994364,4.834639158971224,1.0,1.0,0.990353697749196,1.0,1093,507,33,1714,9,65,1.0,1.0,1.0,137,9,1,A - Intended Baseline
0,2060.01,4.9644978748433415,4.988457000461859,4.873263413944877,4.984865185335436,4.619640587983898,4.85664180458958,4.955695317212124,4.996935134309566,4.839556777771749,4.993372743642129,4.528380299180268,4.827658770005141,3.8413245779551337,4.986786762333863,3.591555692941187,4.996501484787199,3.082010484933066,3.536146729576657,4.964955890110517,4.9852715813136514,4.873263413944877,4.9629621703066205,4.619640587983898,4.85664180458958,1.0,1.0,0.9853258523953388,1.0,655,415,27,1150,9,61,1.0,1.0,1.0,1111,7,2,A - Intended Baseline
1,2027.01,3.8327188499157576,4.689529722626832,4.8213225615367605,4.373173105289734,4.804759909444021,4.668701227801397,3.77034127339496,4.755928121070318,4.823896177582956,4.507200956566093,4.791067540797422,4.690335368169173,3.4984577901153364,4.736705081162672,3.656990664796808,4.785439420320332,3.4000715923649705,3.1583144213052603,4.05714124526457,4.658492355745713,4.932180917556056,4.398279437979026,4.93395277213251,4.844989982472681,0.9099053627760252,0.8364668769716088,0.8442902208201892,0.9482649842271292,3025,550,233,3652,63,402,0.385707741639945,0.6467065868263473,0.5210329029571013,0,0,0,B - Periodic Quota Continuation
1,2028.01,3.735628153792917,4.243376511503994,4.854998331903524,4.224430022408666,4.843900626436361,4.6933866581016535,3.679270893971384,4.431952259325786,4.854753020176121,4.425666086780434,4.831143733907735,4.709524736905796,3.312140755101922,4.497706113761438,3.681572429919104,4.681405373815107,3.436804878377384,3.164846457125699,3.94014860994834,4.155604887897402,4.953097916175442,4.178510943567392,4.9538252887443495,4.863171755329763,0.8800945732943031,0.8630938977707724,0.8013960819635217,0.921526683179464,3296,740,229,4166,62,389,0.3274265002013693,0.3962264150943396,0.4136409908381405,303,0,0,B - Periodic Quota Continuation
1,2029.01,3.730157180062714,4.177527698629525,4.870442356715815,4.20866382606673,4.880763252114451,4.71657258217186,3.672085070394476,4.394567650381288,4.8708199828563385,4.435763093625492,4.867642686832587,4.729660489115211,3.268013677827805,4.492327528054465,3.69737695586319,4.682662613620681,3.477602797091559,3.18541992873653,3.924991670610291,4.080404924898648,4.953700765263092,4.135753373906772,4.970078365711062,4.8766544044737135,0.8729738670195171,0.8734149299812548,0.7921490792810674,0.9144337854228692,3331,797,228,4275,62,376,0.3109012199921291,0.3417508417508417,0.3812600969305331,293,15,0,B - Periodic Quota Continuation
1,2030.01,3.7366315388905607,4.140245987627557,4.887624799254226,4.211421967532107,4.907757111584944,4.724823394550989,3.675515906024815,4.380227840369242,4.885334482824208,4.456435779894912,4.891945894652769,4.735393188450626,3.237634592866376,4.501663061280489,3.698091916834262,4.697237200821959,3.488036675384831,3.188816818275358,3.924019687751634,4.032366139035688,4.957040677335173,4.116869568912771,4.983632640001825,4.879162639742987,0.8826502582133832,0.8819909900010988,0.7850785627952972,0.9237446434457752,3298,845,217,4315,59,367,0.2974036191974823,0.2980030721966206,0.3603404791929382,324,15,0,B - Periodic Quota Continuation
1,2031.01,3.736447771173816,4.104090614009665,4.913584569699364,4.208139182970575,4.930800052122411,4.718721616387602,3.673287975997372,4.365298581355604,4.909679876638578,4.470489918879297,4.918963652664568,4.726503126621589,3.202356150834467,4.510934100520944,3.723108224519413,4.705890422744405,3.517420338992056,3.1744310933860858,3.915282805546063,3.9885731205895634,4.966184216970599,4.09021336707523,4.995026269528284,4.871955089993655,0.8958378261807203,0.8905542376536554,0.7765796851412551,0.9353029976277766,3311,909,213,4427,58,356,0.2813467492260061,0.2695530726256983,0.3346397347000301,262,16,0,B - Periodic Quota Continuation
1,2032.01,3.7517271532042384,4.074911310157762,4.921199372017316,4.208679945584132,4.950918465438595,4.722838499584849,3.6863337407065178,4.355000459947874,4.917125376872333,4.486288035307285,4.938201313825858,4.722805035476924,3.17520763140771,4.522672944147367,3.730040968563823,4.717130672725064,3.5313811309258045,3.1534500552120703,3.9229048937883113,3.952767068947437,4.957574245266854,4.067247355749848,5.0,4.875806270676887,0.8963303733818337,0.8982561249598802,0.7722263827966193,0.9343104739488606,3291,955,211,4507,56,327,0.2701659590891547,0.2402597402597402,0.3097936646323743,305,13,0,B - Periodic Quota Continuation
1,2033.01,3.7877934424455386,4.115434021026196,4.931087030652182,4.25356973934968,4.967342333568124,4.72603353798652,3.71850318479917,4.400269411733199,4.930473816650497,4.532221213040324,4.955526536953408,4.722208389245283,3.185724881155601,4.582195133594299,3.747397366301057,4.762669500279937,3.5581856436414525,3.148972528144147,3.956386661976805,3.991770979592462,4.95642334108026,4.101881697270096,5.0,4.874845966120576,0.9066725294052984,0.9013960646366934,0.7749807628888644,0.942838298340112,3160,945,207,4421,55,309,0.2680577849117175,0.23046875,0.3056704075605434,265,15,0,B - Periodic Quota Continuation
1,2034.01,3.823519000367525,4.141108917020024,4.938407505421729,4.288837896578771,4.980277497082065,4.733189995206335,3.748608518799124,4.43217539901412,4.9390504372701045,4.571572245225374,4.969436259356333,4.7253514567836605,3.1958050702635745,4.627375079962267,3.767426708664804,4.8021365411657975,3.5714635520373013,3.1449987235504397,3.9885192540718126,4.014516683738763,4.954736470947617,4.125372669060229,5.0,4.87519882961617,0.9171095781974444,0.9037656903765692,0.7740585774058577,0.9537487278073052,3053,925,205,4311,52,297,0.2626137303556658,0.2155059132720105,0.2973216972615107,267,13,0,B - Periodic Quota Continuation
1,2035.01,3.8563900824860826,4.162945777280212,4.9350562217004565,4.32177986091049,4.99211770187964,4.721986250950301,3.776805148321625,4.460180622378925,4.935239941216965,4.604001938206299,4.980291885247508,4.707925819731423,3.2017508476211485,4.676419446249422,3.723293946346156,4.835009601473603,3.564152907198537,3.118961064978243,4.018390281971423,4.033443227004343,4.949937821558433,4.145682837813567,5.0,4.866869213891617,0.9264448336252188,0.9064798598949212,0.7712784588441332,0.9642732049036776,2942,910,199,4190,48,276,0.2545842217484008,0.1973684210526315,0.2884378843788437,291,13,0,B - Periodic Quota Continuation
1,2036.01,3.896374506411582,4.184304760139201,4.935788116012522,4.345026095910826,4.999783107891329,4.6944081540705165,3.811646074148783,4.485301711593385,4.935098220894654,4.619741648024712,4.990484660924364,4.672365904763849,3.2009315756371195,4.721671235860114,3.6770035030520622,4.854923882205575,3.5378645448506143,3.084591935413969,4.053181146377654,4.051955176890092,4.950881612267978,4.153765418738452,5.0,4.846372843509532,0.9277635899306822,0.9090356317645628,0.7668734038672017,0.9657059467347684,2805,897,185,4043,42,251,0.2527914247431889,0.1818181818181818,0.2749921160517187,357,15,0,B - Periodic Quota Continuation
1,2037.01,3.936125920617016,4.192362024909807,4.919311309042988,4.373513590818587,5.0,4.674416898314501,3.842763907647374,4.496277409774844,4.917343902236666,4.637762029329275,4.997808587738575,4.641953131423077,3.195824594011482,4.746552325371758,3.621887206578192,4.87341717018948,3.5244912214657496,3.050399425425508,4.087118366165663,4.054310573302433,4.9346481755277605,4.164367607475438,5.0,4.833259991610003,0.9285714285714286,0.911727456940223,0.7594984802431611,0.9678318135764944,2686,874,180,3883,38,235,0.2475615420343706,0.1591511936339522,0.2652329749103942,345,18,0,B - Periodic Quota Continuation
1,2038.01,3.97915207921508,4.197996802027206,4.893638976936024,4.398359402640379,5.0,4.68032076727929,3.8782817369312617,4.504924836656457,4.890530519127048,4.650413607464173,5.0,4.6438122669813,3.194086688227445,4.773038429440985,3.564844251089319,4.887168671658922,3.552782336574738,3.052447450761901,4.123803496189476,4.053914736161811,4.908582131613635,4.168895481625279,5.0,4.83750528275324,0.9294660514172708,0.9141727092946604,0.7542518127883981,0.9715227422544496,2580,853,173,3720,37,222,0.2451737451737451,0.1358189081225033,0.25,328,17,0,B - Periodic Quota Continuation
1,2039.01,3.9830185367046833,4.157592212362927,4.896835098157404,4.389008450082169,4.957027027027027,4.653583987871546,3.874900604589431,4.474909424487421,4.8876888330124535,4.635278322984631,4.957027027027027,4.602839126703633,3.159857748154813,4.7602798525161045,3.4925382242279186,4.874052523569464,3.5427183338360435,3.012311230315321,4.120589132890223,4.004195020206989,4.910022841718875,4.131903089807446,4.957027027027027,4.82099468068087,0.9220761802575108,0.9169796137339056,0.7426233905579399,0.966469957081545,2558,860,162,3629,37,210,0.228036485837734,0.1111111111111111,0.2264278472456911,345,16,0,B - Periodic Quota Continuation
1,2040.01,3.983218269713964,4.1161998439099845,4.885081631657744,4.37204589770653,4.962887605414044,4.633196795040253,3.870235535316644,4.445841702083633,4.873128245209502,4.612536444213171,4.962310510298456,4.575375958271958,3.133970876268316,4.747912589567443,3.444663678025497,4.857175644110203,3.5347479041107888,3.0012557276828047,4.115789411631543,3.949014483381946,4.898829572726559,4.08462565302501,4.962887605414044,4.802615886328232,0.9143952883166688,0.9191891521709354,0.7335981372414738,0.9602794137789344,2526,867,151,3524,37,196,0.5107655502392344,0.4474123539232053,0.5321739130434783,372,17,1,B - Periodic Quota Continuation
1,2041.01,4.281201180650745,4.258337557910067,4.867813026211403,4.523298853907474,4.921002516114978,4.6206557997794775,4.156910847659862,4.5789283494976685,4.842232141324649,4.7306611881614,4.919850254918725,4.543734775642384,3.3305341127429644,4.823052557186645,3.3636723814186835,4.8946069289969225,3.4301567977700773,2.95182008440548,4.345574650539083,4.109220246092312,4.890395711339305,4.291356389895703,4.921002516114978,4.78749694174124,0.9827851644506648,0.9231630510846746,0.834849545136459,0.98852344296711,2475,888,139,3423,36,184,0.6621893888515782,0.5661375661375662,0.6787641000490436,375,19,0,B - Periodic Quota Continuation
1,2042.01,4.416426387435886,4.308902134850912,4.880510475370159,4.575069615863258,4.928332545666253,4.596741451870649,4.2831892462500125,4.643773462764095,4.859831735152336,4.780162927334996,4.926024340351618,4.509477155366356,3.41136676173254,4.830065644934298,3.3700117539096883,4.9030307640835415,3.4096913571121865,2.9243432105319456,4.463939087537933,4.186421047948771,4.897025425034843,4.392661917697901,4.928332545666253,4.757736995406344,0.9882784917384552,0.9282587205197006,0.9110295156051406,0.988702160711764,2443,903,133,3391,35,176,0.7677279305354558,0.7037735849056603,0.7941798941798942,283,19,0,B - Periodic Quota Continuation
1,2043.01,4.495446803169423,4.362216457236625,4.870753858517691,4.634413194453073,4.930640593338634,4.608500115560908,4.379529227241223,4.707890575731871,4.84834943606066,4.825419928612005,4.927148437795983,4.516966840777006,3.462934801597933,4.842381056821656,3.352760185531127,4.918497452606971,3.339501620962875,2.9199030410299547,4.536108838314487,4.266595215078501,4.886213056586595,4.502801657628154,4.930640593338634,4.753179433312331,0.9943550663279708,0.9338131526954558,0.9228055320349986,0.9943550663279708,2447,923,128,3385,33,170,0.9405233941316417,0.8875255623721882,0.9911764705882352,209,14,0,B - Periodic Quota Continuation
1,2044.01,4.571700344437145,4.4469094757527365,4.881136819941225,4.712242587182832,4.885622160442607,4.634158928618235,4.4886404807519344,4.78424996988271,4.859756271951139,4.863721834642542,4.881176255207301,4.528551544464509,3.5745934778877557,4.865738412180541,3.3493227699751973,4.937206376710118,3.262796703941145,2.8919086015459765,4.608303506172049,4.382444653698721,4.893149643901635,4.619499650304099,4.885622160442607,4.761156617091824,0.99440011199776,0.9487610247795044,0.9174016519669608,0.99440011199776,2467,945,125,3414,33,159,1.0,1.0,1.0,153,10,0,B - Periodic Quota Continuation
1,2045.01,4.60350488702667,4.517587260243449,4.887099311926347,4.744193629032741,4.896387016380855,4.644109759214618,4.523960681901486,4.805517570441072,4.8690043403176055,4.876121276448776,4.890471395241691,4.529167075350898,3.6230042942768703,4.884406644767748,3.3772975047101204,4.945654521080848,3.25242735519378,2.880152290321527,4.636372652299985,4.455360837308246,4.892508262880819,4.6434977814996845,4.896387016380855,4.761649494231847,0.9944559944559944,0.9731115731115731,0.9104643104643104,0.9944559944559944,2488,976,124,3442,33,152,1.0,0.9877800407331976,1.0,136,8,0,B - Periodic Quota Continuation
1,2046.01,4.612263228076459,4.499893131501539,4.874384294902115,4.755679387977271,4.903438289500828,4.692395301095266,4.531727638773353,4.792769092646676,4.8541158174771,4.880364760038305,4.895291235980674,4.586427259986874,3.615210933209448,4.881213875984405,3.3506199574134543,4.947996928635464,3.2986018564092383,2.917811866079898,4.6424894996022905,4.430490380226553,4.87963512265018,4.643343107905075,4.903438289500828,4.777877623858365,0.9945115257958288,0.9777716794731064,0.9135565312843028,0.9945115257958288,2497,1003,118,3492,31,147,1.0,0.9251439539347408,1.0,134,7,0,B - Periodic Quota Continuation
1,2047.01,4.625776951987176,4.487243659318405,4.882106215553194,4.762285462403931,4.901881249765324,4.707870560293582,4.5465590325104674,4.782862736305743,4.861711598188263,4.88190301471667,4.891968705770778,4.596430558051597,3.5981658275584767,4.885684410110564,3.362345152333033,4.949033460468197,3.2227526633458017,2.911354344993424,4.652712307134822,4.412520343640527,4.886609582730819,4.640007231535398,4.901881249765324,4.778771639107235,0.994546693933197,0.9806407634628492,0.9154737559645536,0.994546693933197,2506,1024,114,3522,29,140,1.0,0.8788990825688073,1.0,160,7,0,B - Periodic Quota Continuation
1,2048.01,4.640346250191629,4.47266380660955,4.869733293705138,4.7679301388832815,4.911562922796364,4.7375660845314655,4.562167502312569,4.777795706950624,4.847626134390263,4.883580513145001,4.899319384513362,4.635851738167773,3.575388325999482,4.886212220174237,3.335805388755187,4.949414078307208,3.272676930545385,2.9428595888973885,4.663669603485044,4.39293813579302,4.874245186078382,4.637030757484926,4.911562922796364,4.782842545324058,0.9945652173913044,0.9835597826086956,0.9164402173913044,0.9945652173913044,2505,1044,110,3538,28,135,0.9896743447180302,0.8315789473684211,1.0,183,8,0,B - Periodic Quota Continuation
1,2049.01,4.654776441102271,4.466381116703065,4.864091076447035,4.760302004220855,4.9220192650919055,4.764466206990522,4.576457668454755,4.772097494583734,4.842428933298778,4.88096304246797,4.907205987778513,4.667414065525488,3.557024832846109,4.888696651153114,3.3418769475460017,4.945642970388819,3.325029590121155,2.9579736751577217,4.675988865951971,4.384375655775833,4.868489224595184,4.619313732525157,4.9220192650919055,4.788363307067356,0.9946018893387314,0.9831309041835358,0.9222672064777327,0.9946018893387314,2495,1066,108,3589,27,125,0.9614779874213836,0.8006756756756757,0.9698133918770582,159,9,0,B - Periodic Quota Continuation
1,2050.01,4.667468765681089,4.456956546704051,4.843686506163295,4.761193750328953,4.906337764301816,4.785022694964271,4.590643129593994,4.765192433971801,4.818413863945241,4.883435424439382,4.88952969856019,4.702537543678324,3.5242343929397832,4.888724695148833,3.313468208946672,4.946501044671471,3.1903192798474773,2.9962925061368417,4.685131809159348,4.371628175736154,4.848436506163296,4.613270268785267,4.906337764301816,4.797187572598265,0.994627266621894,0.9833445265278712,0.9269308260577568,0.994627266621894,2484,1095,100,3622,24,120,0.9421422986708364,0.7632850241545893,0.9368983957219252,173,8,0,B - Periodic Quota Continuation
1,2051.01,4.68098826753429,4.447701804250557,4.836672348059297,4.762207853120141,4.904725216620355,4.789017229652171,4.6075852741451815,4.759753687894739,4.81419444989665,4.887204084806041,4.884878600898691,4.71089360586955,3.494107315760634,4.888415805249172,3.2904085251466366,4.946973278233016,3.167533186607977,3.0112043003919835,4.695096779030865,4.357876838734141,4.841779874941017,4.608402288188672,4.904725216620355,4.797509811143351,0.9946581196581196,0.9834401709401708,0.9286858974358976,0.9946581196581196,2479,1120,93,3660,22,114,1.0,0.8152350081037277,1.0,166,9,0,B - Periodic Quota Continuation
1,2052.01,4.716134420726975,4.489626559927416,4.833953577186226,4.780367355575548,4.914003111081714,4.760264991256291,4.648868743401911,4.773272611270747,4.80830917131271,4.897158374062906,4.88922698960966,4.6763243216227295,3.533474377862723,4.900698382334677,3.29811224413597,4.951589111198888,3.2290907914678244,2.994125767343675,4.727925105233964,4.404840950326041,4.839541812480343,4.632826306710125,4.914003111081714,4.767939045675535,0.9946538358727612,0.9959903769045708,0.92956428762363,0.9946538358727612,2461,1127,85,3684,20,105,1.0,0.9166666666666666,1.0,214,8,0,B - Periodic Quota Continuation
1,2053.01,4.725061834896201,4.539683292617946,4.8221014054277545,4.795873805518509,4.833981454894367,4.7968756573328335,4.663106215171235,4.7924005281219415,4.7827857386930965,4.905174270808008,4.80274944040173,4.71430425936595,3.525966653988887,4.912034856911408,3.258411923401861,4.955096853039057,3.238380894175568,3.0141086930293377,4.735161412519971,4.464090685653636,4.8221014054277545,4.654594536107727,4.833981454894367,4.797443125810116,0.9946645324796586,0.998265973055889,0.9302387621715352,0.9946645324796586,2461,1140,75,3705,18,98,1.0,1.0,1.0,196,11,0,B - Periodic Quota Continuation
1,2054.01,4.733592879521031,4.602749922363767,4.82539297661217,4.800131951751794,4.828958255556873,4.788934947730319,4.675461119728595,4.818068047610403,4.781609126337924,4.908256297522749,4.79114755392178,4.7162137600098095,3.512343623458345,4.923719173639045,3.2644216540693893,4.955565781080514,3.207037716940947,3.0488641613484853,4.741205739768722,4.53889174476322,4.82539297661217,4.658608416131664,4.828958255556873,4.788934947730319,0.9946695095948828,0.9992004264392323,0.9305703624733476,0.9946695095948828,2459,1139,71,3728,16,91,1.0,1.0,1.0,203,10,0,B - Periodic Quota Continuation
1,2055.01,4.744583749451556,4.602947867788557,4.839704554485912,4.801883168844395,4.775156159116317,4.80107796661795,4.690858766276098,4.819404507551524,4.7919204911947055,4.911125060841764,4.7290449752931405,4.744089559560421,3.4999498702079515,4.922992351604047,3.282201442867431,4.95582776612378,3.0895922656665986,3.138040563231813,4.750328279269852,4.539703659023387,4.839704554485912,4.660504658100584,4.775156159116317,4.80107796661795,0.994679436020218,0.9996009577015164,0.9320297951582868,0.994679436020218,2453,1147,66,3751,13,88,1.0,1.0,1.0,196,10,0,B - Periodic Quota Continuation
1,2056.01,4.756068128769884,4.599477690981288,4.832688949487307,4.804383788589512,4.7514909221274,4.824186956337515,4.706541865691793,4.818815870940921,4.784047669214779,4.9145278963835946,4.69627159021656,4.773274139793936,3.4833212109480143,4.923471188515072,3.289948683618454,4.956247720430998,3.014870880687591,3.229368425288198,4.75899532546739,4.536115537694326,4.832688949487307,4.662277643416203,4.7514909221274,4.824186956337515,0.9946702198534312,0.9997335109926716,0.9312458361092604,0.9946702198534312,2429,1158,58,3765,12,83,1.0,1.0,1.0,223,10,0,B - Periodic Quota Continuation
1,2057.01,4.7645862923040205,4.60018560196698,4.814515096311001,4.804492487045472,4.812504376794926,4.835310464215067,4.718636994444598,4.822407625667591,4.766318003767144,4.916252275298236,4.736456545650705,4.800802045427072,3.4790517037470208,4.926365616000736,3.3247353489974083,4.955883208272289,3.170437825280683,3.349666764370529,4.766155845032785,4.538471652668292,4.814515096311001,4.661506015688342,4.812504376794926,4.835310464215067,0.9946780202235233,0.999866950505588,0.932543906333156,0.9946780202235233,2437,1161,47,3787,10,74,1.0,1.0,1.0,200,11,0,B - Periodic Quota Continuation
1,2058.01,4.766705390643926,4.5932640575564605,4.8447131933152825,4.809400916146124,4.860244798710014,4.824158099362082,4.722909689169192,4.822488827949849,4.8083171219654695,4.920702745051039,4.782746809501758,4.799587392127995,3.4714566710326795,4.925017493269794,3.4508856285596767,4.9581969107807256,3.2431169134551703,3.492277857379129,4.76745120184131,4.530443861991796,4.8447131933152825,4.667258650397233,4.860244798710014,4.824158099362082,0.9947012849384024,1.0,0.9329712544707908,0.9947012849384024,2447,1172,41,3813,10,66,1.0,1.0,1.0,177,10,0,B - Periodic Quota Continuation
1,2059.01,4.767029577005289,4.595383492144965,4.800477849910023,4.813830518764843,4.872209165124957,4.853239254311813,4.725085301423982,4.826475565374678,4.766448539969218,4.925286940838238,4.796578213499881,4.82561176196817,3.4648096590991853,4.928607850154951,3.489050889625138,4.95957351131347,3.3006676740074927,3.5398473044908285,4.767272001247713,4.533692903485501,4.800477849910023,4.67318563922903,4.872209165124957,4.853239254311813,0.994751344967852,1.0,0.9330796483401128,0.994751344967852,2475,1188,36,3851,8,63,1.0,1.0,1.0,137,9,0,B - Periodic Quota Continuation
1,2060.01,4.726574516476287,4.571513165944925,4.78185034895655,4.787600375709291,4.896433707740114,4.874311567318052,4.677443604167217,4.818563796214474,4.748109033030191,4.915194392359604,4.849525361313413,4.844002769093558,3.372657620132904,4.927510851610007,3.496725626629275,4.953609643598581,3.3777473554022746,3.5560142478087,4.726717034291014,4.5070988941637244,4.78185034895655,4.627639451301246,4.896433707740114,4.874311567318052,0.9940449605478636,1.0,0.924668750930475,0.9940449605478636,2105,1124,31,3391,7,59,1.0,1.0,1.0,1111,7,0,B - Periodic Quota Continuation
2,2027.01,3.8327188499157576,4.689529722626832,4.8213225615367605,4.373173105289734,4.804759909444021,4.668701227801397,3.77034127339496,4.755928121070318,4.823896177582956,4.507200956566093,4.791067540797422,4.690335368169173,3.4984577901153364,4.736705081162672,3.656990664796808,4.785439420320332,3.4000715923649705,3.1583144213052603,4.05714124526457,4.658492355745713,4.932180917556056,4.398279437979026,4.93395277213251,4.844989982472681,0.9099053627760252,0.8364668769716088,0.8442902208201892,0.9482649842271292,3025,550,233,3652,63,402,0.385707741639945,0.6467065868263473,0.5210329029571013,0,0,0,C - Extended Retirement Age
2,2028.01,3.86762823748687,4.715538181058845,4.85748763092664,4.396607218250978,4.846378394270705,4.702351679391451,3.804568537565472,4.781275874764937,4.857246530559364,4.530390383058567,4.833823992099675,4.721834882687507,3.5317836670741047,4.767553866181199,3.696591419898033,4.809187178663349,3.4422546172842448,3.1881972680863293,4.085154151361766,4.695688299357735,4.953903102163847,4.425353357515539,4.954558220669042,4.867085206051244,0.9173501577287066,0.8368454258675079,0.8572870662460568,0.9526813880126184,3025,550,233,3652,63,402,0.385707741639945,0.6467065868263473,0.5210329029571013,0,0,0,C - Extended Retirement Age
2,2029.01,3.9007941713520977,4.735911044452519,4.88687063232277,4.418140201305896,4.882655898906285,4.733456240545044,3.836985578162501,4.801847929208077,4.887240154898048,4.551149724190594,4.869743596565404,4.7510549037043495,3.563705781719533,4.791653446640559,3.73354679104641,4.829868895954592,3.482798018010363,3.2170422997947368,4.111801741042547,4.728604974763029,4.968342379742424,4.450925978877403,4.970553312287077,4.885889064705287,0.9252996845425868,0.8370977917981073,0.8692744479495268,0.9573501577287066,3025,550,233,3652,63,402,0.385707741639945,0.6467065868263473,0.5210329029571013,0,0,0,C - Extended Retirement Age
2,2030.01,3.932236033247389,4.751830316532588,4.913810573036982,4.43827464545948,4.913613802912884,4.762066177315441,3.867556559664181,4.818606716513085,4.91186564458504,4.569855120401421,4.898806472770054,4.778206355261848,3.5943180970821844,4.810372542953611,3.768615113340124,4.847595375256968,3.5219235817837444,3.2449405144425163,4.137240629260636,4.757458925529489,4.978459695541553,4.475179373755901,4.9846718374620265,4.90216753008543,0.931608832807571,0.8373501577287066,0.8810094637223975,0.962397476340694,3025,550,233,3652,63,402,0.385707741639945,0.6467065868263473,0.5210329029571013,0,0,0,C - Extended Retirement Age
2,2031.01,3.9619790132286536,4.765822561562348,4.9368044317918205,4.4572191916788695,4.936292111477775,4.788307342808816,3.896393808904182,4.833181310378562,4.933713135857956,4.586867269349648,4.925395108802302,4.80403911699898,3.623561418885903,4.824365599291782,3.802271955654636,4.862345000468518,3.5597993271222617,3.2718319351473024,4.161337148319997,4.781171938553712,4.9848890878809735,4.4982997653844325,4.995421010041912,4.916352518729167,0.9376656151419558,0.8373501577287066,0.8900946372239747,0.96794952681388,3025,550,233,3652,63,402,0.385707741639945,0.6467065868263473,0.5210329029571013,0,0,0,C - Extended Retirement Age
2,2032.01,3.9900886116753234,4.778869355706056,4.9557795269041645,4.475300290480567,4.956371969278751,4.812491597877896,3.923881600813613,4.8466734958827775,4.952862594761565,4.602630206772169,4.945067834511874,4.828083521418408,3.651431410138114,4.833498121780831,3.834946583202041,4.87468005815694,3.596557601610256,3.2976061399541927,4.184103449885006,4.801003461353569,4.9887198627653335,4.52024508178906,5.0,4.929004288020266,0.9429652996845426,0.8373501577287066,0.8994321766561514,0.9721135646687696,3025,550,233,3652,63,402,0.385707741639945,0.6467065868263473,0.5210329029571013,0,0,0,C - Extended Retirement Age
2,2033.01,4.013567162058167,4.787188901961731,4.9680983633007205,4.494983374716861,4.971029489455594,4.830029847605891,3.949350105782888,4.855458843556164,4.968818807910069,4.625527801325476,4.960547734394152,4.842077895653774,3.673926816959516,4.836501224830023,3.853476409878704,4.887122513728948,3.627976978229557,3.3003930085278546,4.2049045078635015,4.812609496971516,4.99100061770514,4.542635842696393,5.0,4.938510169084852,0.9481763316714772,0.841380215166623,0.9060614012070324,0.9767777486224088,2880,541,229,3521,62,389,0.3933236574746008,0.6344410876132931,0.5295395308427454,303,0,0,C - Extended Retirement Age
2,2034.01,4.030765616874068,4.793304484768292,4.9634667579693685,4.509805735231304,4.983458545939795,4.844700574858277,3.965423541177439,4.862345927786342,4.965917027233131,4.646941205410947,4.974365894944022,4.856588869931708,3.690918898125925,4.837763606962226,3.8626480300567274,4.89547602738513,3.662991629716808,3.317712484656842,4.218628734963271,4.820048255842908,4.978148503288698,4.558875276413658,5.0,4.943440432898488,0.9512527233115468,0.8443627450980392,0.911900871459695,0.9820261437908496,2759,531,228,3388,62,376,0.4012188928390046,0.6189024390243902,0.5344202898550725,293,15,0,C - Extended Retirement Age
2,2035.01,4.04716884739001,4.793402923846062,4.963703768865689,4.525846356693042,4.993587282885131,4.845730078300372,3.979966918737873,4.865524593982136,4.967337927907067,4.6684309236945865,4.983966279523396,4.857913337656814,3.7010335623766415,4.836273837697163,3.8609575923551263,4.902554458615501,3.6711947745403775,3.316115716292904,4.230790993873248,4.8199883393464775,4.972863356362756,4.575454509398669,5.0,4.938249392598741,0.9545131485429992,0.8476190476190476,0.9142857142857144,0.9864960909737028,2618,522,217,3252,59,367,0.4060150375939849,0.5914634146341463,0.5419630156472262,324,15,0,C - Extended Retirement Age
2,2036.01,4.062104342477384,4.800777200207005,4.963223629967673,4.540260658317508,4.999842940197169,4.840090138433617,3.993001962301328,4.874247869729864,4.967894996556322,4.686844861780637,4.993109582048677,4.852083187626279,3.715875338285895,4.839094607863669,3.875794208729541,4.908442359367168,3.696415979879287,3.3010539840995814,4.240353681380061,4.825827344433295,4.968939161871905,4.59014928555183,5.0,4.93036628133174,0.9600824863750184,0.850493445279128,0.9142730888201502,0.989394608926204,2495,519,214,3148,58,355,0.4111990950226244,0.5920245398773006,0.5446516192345436,262,16,0,C - Extended Retirement Age
2,2037.01,4.086814554915016,4.7992295438435,4.96924688641035,4.551151746785341,5.0,4.832394925210712,4.017252763165834,4.876391162883367,4.974423957544027,4.702313352907597,4.998512970251176,4.838538336357532,3.7291733205639246,4.836196903086544,3.8934635064802334,4.912851481089774,3.707791362068864,3.2676155258332065,4.258164440658309,4.821836640155081,4.972995500294265,4.600382184440349,5.0,4.918572985364719,0.964906880098507,0.853624749884562,0.9150377097121748,0.9935354779128828,2366,509,210,3028,56,328,0.4201680672268907,0.5709876543209876,0.5433231396534148,305,13,0,C - Extended Retirement Age
2,2038.01,4.104035641413065,4.802891371275789,4.958382107635919,4.563452473960138,5.0,4.836743597024834,4.035557368293062,4.880980084279025,4.963796401150884,4.714879309335477,5.0,4.842123637412629,3.741791900134832,4.838108131276652,3.8994762141608095,4.91591454638058,3.7308989697732513,3.265247607974852,4.269429961803176,4.822414722385896,4.961494412929083,4.61010696874741,5.0,4.916596487235247,0.9716663998719384,0.8564110773171122,0.9170801984952778,0.996798463262366,2232,499,207,2945,55,309,0.4271099744245524,0.5496894409937888,0.5418848167539267,265,15,0,C - Extended Retirement Age
2,2039.01,4.117853502005567,4.801759162607386,4.9642562951496805,4.569601217364366,5.0,4.831002203990747,4.04792459312002,4.88197477516912,4.968943257832059,4.725765834576418,5.0,4.83486014365543,3.749197497290041,4.833552536061921,3.923633062810656,4.918628269864702,3.74226628309115,3.252245462374308,4.27595075584647,4.819768407210463,4.967222961849359,4.614448135854838,5.0,4.903586775871229,0.9758051059569498,0.8580010011680294,0.9184048056065408,0.9986651092941764,2125,479,204,2835,52,298,0.4261744966442953,0.5206349206349207,0.5349214943151056,267,13,0,C - Extended Retirement Age
2,2040.01,4.12990505289897,4.793663295232029,4.950254866586987,4.575269525960091,5.0,4.826369572892314,4.060851052301068,4.878736149597331,4.95485167080064,4.73580368132854,5.0,4.826911140681179,3.754186808791391,4.839632703426381,3.863631490721541,4.921243906550799,3.733411870429261,3.228331962745624,4.281159577904173,4.810318142449894,4.953586930710592,4.618435144466629,5.0,4.897427419467645,0.97917760279965,0.8598425196850393,0.9179352580927383,0.9991251093613298,2013,464,199,2715,48,276,0.4216101694915254,0.4777070063694267,0.5278559369724254,291,13,0,C - Extended Retirement Age
2,2041.01,4.156774602125765,4.787020590047714,4.941963523585587,4.568455470743415,5.0,4.80858176844621,4.087996942731822,4.876536912135178,4.946818596681495,4.73387271243464,5.0,4.804773878189375,3.7605768761731686,4.847695580997017,3.7956516461579706,4.919916691088827,3.7078516394779775,3.196014504398625,4.295887002900338,4.80204515049536,4.945942888162996,4.60967867707599,5.0,4.880490411295912,0.9839940442955518,0.860785408524102,0.918853526893728,0.9994416527079844,1875,451,186,2569,42,250,0.4323911382734912,0.4408945686900958,0.5138479670005893,357,15,0,C - Extended Retirement Age
2,2042.01,4.179493157019758,4.7676398877293,4.935326125297269,4.570123213209346,4.9592307692307696,4.791166131415112,4.106740555907094,4.86549546215304,4.940044566059763,4.741784699717619,4.9592307692307696,4.780044093279096,3.758234961938409,4.835343776960945,3.746463652282409,4.921107738441177,3.661125951133249,3.1576724940152614,4.306422197091699,4.780599950952304,4.939786759681669,4.608279420427135,4.9592307692307696,4.865058861327463,0.9879112168053904,0.8618707887435593,0.9167657550535078,0.9994054696789536,1756,429,180,2408,39,234,0.4358135731807032,0.3883495145631068,0.5106649937264742,345,18,0,C - Extended Retirement Age
2,2043.01,4.205657833576692,4.745921461806737,4.937733001588502,4.565585396418807,4.963885981008353,4.771003445259868,4.131081252045291,4.852496496924124,4.94185338448751,4.74436432726215,4.963323332279057,4.7577876859448684,3.761889328142481,4.829936900106039,3.721488340097579,4.920435734401879,3.6438503082022784,3.1390422002032694,4.320519548699728,4.756688992006103,4.942621391745307,4.599473913246373,4.963885981008353,4.843026564351335,0.993664202745512,0.8625131995776135,0.9195353748680042,0.9995776135163674,1650,409,170,2244,38,224,0.4448336252189142,0.3322475570032573,0.496,328,17,1,C - Extended Retirement Age
2,2044.01,4.210292366934058,4.72871740101736,4.939334499065763,4.5554834810448455,4.886675996603505,4.758268002428031,4.130778500781842,4.841805382793993,4.940916192303944,4.74341958024726,4.885581715004749,4.734605813037415,3.75514733788349,4.821333230167143,3.64193349498937,4.919196194062443,3.5590061285456693,3.102494035716508,4.31737797073714,4.736797184522353,4.942321920449411,4.586230981469017,4.886675996603505,4.834289918971412,0.994098955969133,0.8595097594189741,0.915796640944167,1.0,1562,384,159,2051,39,211,0.436982520699172,0.2885906040268456,0.4851556842867487,345,16,1,C - Extended Retirement Age
2,2045.01,4.206239000252848,4.709919160826213,4.915916605755464,4.522491826933591,4.900929191695234,4.746638532644747,4.12463114743552,4.831623639835004,4.916955885798021,4.725607896944648,4.898270973189925,4.720278825485611,3.757069534755984,4.813455944525102,3.57258763265902,4.911360989680254,3.553138762033465,3.094085176593114,4.30917143245972,4.71208970683019,4.91910452521855,4.549026102424972,4.900929191695234,4.821846316927206,0.99506294742039,0.8543569489015058,0.9136015798568254,1.0,1467,354,149,1846,39,196,0.4256559766763848,0.2421052631578947,0.4569850039463299,372,17,1,C - Extended Retirement Age
2,2046.01,4.215960653262293,4.686980277262896,4.872475772317409,4.488632587453322,4.907507800842391,4.752386938880286,4.130755873105501,4.816323585452182,4.869265309990479,4.712032033541013,4.903101011189482,4.71080148349701,3.753074661103773,4.798566603202583,3.443859471628765,4.903784227597143,3.519105783116917,3.052436570175203,4.311089364554377,4.686990529460537,4.875868629460267,4.507786008150847,4.907507800842391,4.820883118544052,0.995128552097429,0.8514208389715833,0.9136671177266577,1.0,1356,332,140,1648,37,182,0.4394904458598726,0.1985559566787003,0.4317984361424848,375,19,1,C - Extended Retirement Age
2,2047.01,4.210904974575341,4.683679411507275,4.855540624317603,4.471877009222032,4.871488430105019,4.752890520092198,4.128423865639563,4.816027693090681,4.852970280565359,4.711879712195633,4.865681947011905,4.7049212258109705,3.754076539889599,4.793934266705427,3.425688577787227,4.902520517942422,3.4329939028505785,3.0371793419874606,4.302388246845647,4.681386677607336,4.8590332713764255,4.485024375740503,4.871488430105019,4.814733720414217,0.9953366365491112,0.8519382104342758,0.9102302535703876,1.0,1263,318,136,1506,37,171,0.4319727891156462,0.1865671641791045,0.4101123595505618,283,19,1,C - Extended Retirement Age
2,2048.01,4.239912277377495,4.688211260704255,4.847332115062805,4.487984300793001,4.875549026971304,4.752925987270297,4.156182786967861,4.82364861851875,4.84314369542912,4.7324259955765005,4.867627117851626,4.702608256339338,3.759955732421129,4.793405576114471,3.4063714450399,4.906727395083395,3.366733647529872,3.027456700940555,4.323973779722167,4.683506548380228,4.850958069261279,4.491267150034556,4.875549026971304,4.804217044921511,0.996600741656366,0.8550679851668727,0.92274412855377,1.0,1192,308,131,1405,35,165,0.4501216545012165,0.1666666666666666,0.4064064064064064,209,14,2,C - Extended Retirement Age
2,2049.01,4.278281286883525,4.694253066132967,4.845667051219462,4.519498980377542,4.8835815442614345,4.766263869009131,4.191720963853683,4.8296094537634495,4.841083668071997,4.758398804335449,4.873543486654099,4.699089132834393,3.779330834662247,4.7899248268972405,3.4022153281668586,4.915613304052178,3.347492926946785,2.986869676405287,4.356807037876065,4.682601273128469,4.849349221762099,4.516268477804466,4.8835815442614345,4.806502910358642,0.9983834464920788,0.8577432913029421,0.933074684772066,1.0,1150,301,129,1325,34,154,0.4668367346938775,0.1576923076923077,0.4171122994652406,153,10,2,C - Extended Retirement Age
2,2050.01,4.313309838381826,4.699577847098861,4.844672665166762,4.559019140624527,4.893454553961026,4.779119473536796,4.223495166703467,4.836882131571517,4.838105454879039,4.785233722414444,4.881669417409724,4.7132371824681965,3.794057410952518,4.797383532877005,3.406472736895693,4.924699709413087,3.332880813273738,2.9882987200671205,4.38758322621107,4.6855310151881575,4.848383602666761,4.546967848738537,4.893454553961026,4.807704137959061,0.9983136593591906,0.8623946037099494,0.9409780775716696,1.0,1101,295,128,1260,34,147,0.4798387096774194,0.15234375,0.4350797266514806,136,8,2,C - Extended Retirement Age
2,2051.01,4.323855914689811,4.703567211288858,4.835544713620309,4.584956975682092,4.90242394486865,4.798543947821754,4.236479318783166,4.842336091624566,4.826533437145888,4.802845525481877,4.887537719272404,4.742508534421851,3.793798917586804,4.796749686714874,3.389572381819033,4.93209607236771,3.375891147900856,3.017268120142066,4.396219289569961,4.687678534028013,4.8394381562432605,4.569508485903221,4.90242394486865,4.819205111270761,0.9989429175475688,0.8671599718111346,0.9411557434813248,1.0,1043,287,122,1212,32,142,0.4690140845070422,0.1434262948207171,0.4394299287410926,134,7,2,C - Extended Retirement Age
2,2052.01,4.370922510326684,4.702544301229868,4.841309330143134,4.589732510287857,4.8991735754977,4.807226589353795,4.283345977033753,4.84415663471092,4.829983222225717,4.805881143864824,4.882085124399018,4.75310537751712,3.809108468338148,4.819661769598621,3.3875618015752837,4.9340498599813065,3.297168564397417,3.0173021501922315,4.439380928176576,4.685117007667519,4.8453347538719465,4.571119534162947,4.8991735754977,4.820621739129305,0.9996275605214152,0.872998137802607,0.9445065176908752,1.0,986,276,118,1140,30,135,0.491679273827534,0.1358024691358024,0.4321608040201005,160,7,2,C - Extended Retirement Age
2,2053.01,4.425760039908288,4.716968084509106,4.833478818658062,4.590287079121647,4.911260807602578,4.810483469978087,4.334825422368261,4.869592108217974,4.819223239733844,4.807839142451122,4.891083891465376,4.763388380742108,3.828716549635717,4.837729970592346,3.3714403310842846,4.933847870091548,3.344043166083749,3.0383048574336797,4.489265474690895,4.694467713221189,4.837645485324728,4.565019629836198,4.911260807602578,4.820514089008021,0.999601593625498,0.8804780876494024,0.9462151394422312,1.0,920,263,114,1054,29,130,0.5231788079470199,0.1191489361702127,0.4224021592442645,183,8,2,C - Extended Retirement Age
2,2054.01,4.447459297622506,4.718851510159169,4.848357837374048,4.595422430704437,4.924451179737875,4.802992236248238,4.359266215429369,4.873953539804405,4.829936971135056,4.810660898513892,4.900884651065851,4.752600161211831,3.83834881484727,4.84126652515701,3.400541131795072,4.9346566667843605,3.393046469457279,3.0315995025189224,4.509215423643505,4.693197734641803,4.852637116653328,4.565042965230045,4.924451179737875,4.807728131030983,0.9995762711864408,0.8851694915254237,0.9470338983050848,1.0,857,255,111,988,28,121,0.5195035460992907,0.1283185840707964,0.4195402298850574,159,9,2,C - Extended Retirement Age
2,2055.01,4.502617590718925,4.728385020998131,4.808811484287579,4.618722473489476,4.916572649597592,4.825061979572873,4.415540149623096,4.88264419247968,4.788245955380169,4.819895040173113,4.889119682821248,4.776503116166576,3.8499164848826286,4.850399309989039,3.3428024954343405,4.938446758939825,3.329699180828809,3.0791194882001305,4.559012192261343,4.702266107982571,4.813378791979886,4.583446444166097,4.916572649597592,4.829192414355482,1.0,0.8952164009111617,0.9507972665148064,1.0,778,250,104,923,25,115,0.5467196819085487,0.1363636363636363,0.4265842349304482,173,8,2,C - Extended Retirement Age
2,2056.01,4.56751965871731,4.744254122893763,4.7900852115838575,4.650138233324755,4.845636011050648,4.852131606285493,4.482792290941718,4.898918562701529,4.765556732784294,4.837228844118211,4.815692316798008,4.804111049297154,3.861994892014291,4.860057008779935,3.2792677909039045,4.944617576600341,3.2430113645555587,3.1463760535542176,4.616989248533431,4.715128696066056,4.794982118800351,4.610700114274116,4.845636011050648,4.856529754433642,1.0,0.9087340529931304,0.9533856722276742,1.0,707,240,97,862,24,108,0.5852017937219731,0.1267605633802817,0.4366666666666666,166,9,2,C - Extended Retirement Age
2,2057.01,4.613939699709924,4.739395502840081,4.785019152974714,4.643634499208525,4.883740986914568,4.816419567654909,4.528408748957103,4.895090214169176,4.755620200494716,4.842729635958069,4.844163822644187,4.761773458065543,3.879876877382866,4.855200759295765,3.2800546367998464,4.946059523007261,3.3944423387142564,3.107734722130021,4.660528784782154,4.704413549074522,4.790356231626398,4.597624003940682,4.883740986914568,4.821217547452889,1.0,0.9170305676855895,0.9536026200873362,1.0,623,220,89,779,22,99,0.6015424164524421,0.134020618556701,0.4267399267399267,214,8,2,C - Extended Retirement Age
2,2058.01,4.633584910434928,4.733448587243466,4.774664892412009,4.655637929446694,4.916837295294421,4.8246287549653015,4.554154705724634,4.886930748374607,4.727878316968449,4.850371677301819,4.871284706002474,4.76103846007555,3.883515524483289,4.849985396311247,3.245083218163772,4.948553525166143,3.5191345251192856,3.101213825665723,4.678738895942172,4.692861809940351,4.774664892412009,4.60443750149672,4.916837295294421,4.8246287549653015,1.0,0.9241044323011536,0.9532483302975108,1.0,552,204,79,700,19,93,0.6140350877192983,0.1333333333333333,0.4344262295081967,196,11,2,C - Extended Retirement Age
2,2059.01,4.676910350813657,4.74431522904883,4.776179627451576,4.680842726146303,4.892028363431945,4.818389600676656,4.590983030242096,4.907294027008267,4.724189031005781,4.857078107331417,4.834418185884391,4.75370234936463,3.8889273116357286,4.853466224194634,3.278123920331605,4.950706712931114,3.3683562147072816,3.1138546916897947,4.715972850813658,4.694724846252902,4.776179627451576,4.625052397955908,4.892028363431945,4.818389600676656,1.0,0.9319119669876204,0.9504814305364512,1.0,480,176,76,620,17,85,0.6783216783216783,0.1428571428571428,0.4418604651162791,203,10,2,C - Extended Retirement Age
2,2060.01,4.724745697994979,4.740587949603677,4.7858756493564485,4.701310389470058,4.893982248074981,4.825335673182199,4.641621872381706,4.915555879094083,4.730167827461062,4.862420137137817,4.823710207284946,4.767460186686972,3.8987859253296,4.843610958472127,3.3115332959385424,4.952387845235994,3.369215965616566,3.1587910304927425,4.759173921839259,4.685581205840335,4.7858756493564485,4.640009995908107,4.893982248074981,4.825335673182199,1.0,0.941640378548896,0.9503154574132492,1.0,411,152,72,538,14,81,0.7196652719665272,0.1515151515151515,0.473972602739726,196,10,2,C - Extended Retirement Age
3,2027.01,3.8327188499157576,4.689529722626832,4.8213225615367605,4.373173105289734,4.804759909444021,4.668701227801397,3.77034127339496,4.755928121070318,4.823896177582956,4.507200956566093,4.791067540797422,4.690335368169173,3.4984577901153364,4.736705081162672,3.656990664796808,4.785439420320332,3.4000715923649705,3.1583144213052603,4.05714124526457,4.658492355745713,4.932180917556056,4.398279437979026,4.93395277213251,4.844989982472681,0.9099053627760252,0.8364668769716088,0.8442902208201892,0.9482649842271292,3025,550,233,3652,63,402,0.385707741639945,0.6467065868263473,0.5210329029571013,0,0,0,D - Extended Retirement + Periodic Quota
3,2028.01,3.7486167960467753,4.252878377164851,4.85748763092664,4.229354478802843,4.846378394270705,4.702351679391451,3.690265383976449,4.43997320508271,4.857246530559364,4.424158611983847,4.833823992099675,4.721834882687507,3.327722905685952,4.505967340264345,3.696591419898033,4.683765972828707,3.4422546172842448,3.1881972680863293,3.950350865812447,4.167424312392692,4.953903102163847,4.186739031251722,4.954558220669042,4.867085206051244,0.8832879695155145,0.8589003810560697,0.8057702776265651,0.9237887860642352,3441,749,233,4297,63,402,0.3239707579838399,0.4052532833020638,0.4107025607353907,0,0,0,D - Extended Retirement + Periodic Quota
3,2029.01,3.759246214445029,4.198979136097753,4.88687063232277,4.223420604103604,4.882655898906285,4.733456240545044,3.700620495847778,4.412523207383917,4.887240154898048,4.4349350843007285,4.869743596565404,4.7510549037043495,3.303808454272929,4.510251504536117,3.73354679104641,4.689232555008192,3.482798018010363,3.2170422997947368,3.9494349557611184,4.107327696925217,4.968342379742424,4.159025381094429,4.970553312287077,4.885889064705287,0.8795854922279793,0.8659067357512953,0.8034196891191709,0.9190673575129532,3598,815,233,4539,63,402,0.3055152394775036,0.3606010016694491,0.3804744525547445,0,0,0,D - Extended Retirement + Periodic Quota
3,2030.01,3.782223561427751,4.175175054769787,4.913810573036982,4.2342721390750055,4.913613802912884,4.762066177315441,3.722421112724332,4.408965263686676,4.91186564458504,4.456013816174631,4.898806472770054,4.778206355261848,3.3000647310764664,4.529426915056142,3.768615113340124,4.707132426811023,3.5219235817837444,3.2449405144425163,3.9630523318403226,4.07576054408193,4.978459695541553,4.154522812947688,4.9846718374620265,4.90216753008543,0.9046141527374636,0.8707837053348013,0.8051246121509359,0.9428485637073366,3708,872,233,4713,63,402,0.2937892533147243,0.3292682926829268,0.3613518197573657,0,0,0,D - Extended Retirement + Periodic Quota
3,2031.01,3.7986207365799673,4.140838030280837,4.9368044317918205,4.238674999968109,4.936292111477775,4.788307342808816,3.7377077352044576,4.395717371175233,4.933713135857956,4.471711242380271,4.925395108802302,4.80403911699898,3.2864908517152536,4.539024394119235,3.802271955654636,4.718782058033382,3.5597993271222617,3.2718319351473024,3.969830990971292,4.034372294152265,4.9848890878809735,4.141392471580059,4.995421010041912,4.916352518729167,0.9073967339097022,0.876176753121998,0.8036503362151777,0.9423631123919308,3846,940,233,4926,63,402,0.2802929427430093,0.2983425414364641,0.3404081632653061,0,0,0,D - Extended Retirement + Periodic Quota
3,2032.01,3.820729394524984,4.12479312211734,4.9557795269041645,4.2497837305285335,4.956371969278751,4.812491597877896,3.758199511924153,4.395289761584032,4.952862594761565,4.491544049086147,4.945067834511874,4.828083521418408,3.282037362571194,4.558611270125248,3.834946583202041,4.734878633550982,3.596557601610256,3.2976061399541927,3.9836011948779846,4.01422892334838,4.9887198627653335,4.136704947597639,5.0,4.929004288020266,0.914338747099768,0.8803712296983759,0.8042691415313225,0.9462645011600928,3962,997,233,5118,63,402,0.2698717948717948,0.2765685019206146,0.3235065942591156,0,0,0,D - Extended Retirement + Periodic Quota
3,2033.01,3.8586665576102894,4.167737080208829,4.9680983633007205,4.2925085847133575,4.971029489455594,4.830029847605891,3.794257893406122,4.441907533256494,4.968818807910069,4.538498716540141,4.960547734394152,4.842077895653774,3.29914177666672,4.616522906934229,3.853476409878704,4.778415621855986,3.627976978229557,3.3003930085278546,4.017982718545517,4.057063831072651,4.99100061770514,4.170326516751235,5.0,4.938510169084852,0.9237012987012988,0.8845492742551566,0.8083460656990069,0.9553093964858672,3817,988,229,4987,62,389,0.2706391478029294,0.2699228791773779,0.3235138004246284,303,0,0,D - Extended Retirement + Periodic Quota
3,2034.01,3.8924227097964503,4.203039305702467,4.977214251402725,4.329329605891056,4.983458545939795,4.835075509883961,3.8232933743334727,4.480941615812312,4.979686204465283,4.581660381369785,4.974365894944022,4.846541497294679,3.3132394359965134,4.6662938077675085,3.8755033223581137,4.817344353393708,3.662991629716808,3.308052972210655,4.048133918445528,4.090874852296501,4.992025923671783,4.19681985258744,5.0,4.93422572003105,0.9349617422012948,0.8878752207180695,0.811065332548558,0.9652736904061212,3693,980,226,4855,62,378,0.2721322769548742,0.2612612612612612,0.3210884353741496,293,15,0,D - Extended Retirement + Periodic Quota
3,2035.01,3.9234090958707104,4.233917747350065,4.983303737959365,4.3660174092180295,4.993587282885131,4.832073959623343,3.849159099907768,4.515154815386955,4.987193657809789,4.616879155745567,4.983966279523396,4.843461603786942,3.318602125091988,4.711023701562451,3.879895535189364,4.84806956191628,3.6711947745403775,3.3022411057511825,4.075548328496938,4.120728478819453,4.992591730888632,4.222171809017185,5.0,4.925278840455024,0.9413252402630248,0.8915528578654527,0.8102175012645423,0.9711684370257968,3551,970,214,4721,59,370,0.2704830053667263,0.25,0.3194522079373952,324,15,0,D - Extended Retirement + Periodic Quota
3,2036.01,3.954065272094183,4.27145768855627,4.972744226767035,4.401016360067918,4.999842940197169,4.832455394086718,3.875234061886369,4.548174209351384,4.977985265065753,4.643673477552872,4.993109582048677,4.84364122275964,3.32986030329732,4.752476700410323,3.886441110316558,4.870887657625063,3.696415979879287,3.292844095145215,4.102659532083077,4.157905298237787,4.978513678783572,4.246368553279591,5.0,4.923127069508005,0.9447038074489056,0.8946986201888163,0.8087975931113186,0.9745824255628176,3423,966,212,4623,58,357,0.2696587537091988,0.2496765847347994,0.3159692570452604,262,16,0,D - Extended Retirement + Periodic Quota
3,2037.01,3.98985249638664,4.297491838963473,4.9775421508628135,4.433511548998646,5.0,4.824847591420672,3.907341822317335,4.571567625602903,4.983528869884124,4.665549040254981,4.998512970251176,4.830105549028359,3.335003908993724,4.784964999266252,3.903774299865996,4.889008892183289,3.707791362068864,3.2594995942609484,4.134510240678778,4.181231854423697,4.981326809110997,4.266523621475566,5.0,4.911534182034768,0.9476837487964052,0.8982561249598802,0.8084947041831604,0.9784957740451482,3294,954,208,4505,56,330,0.2698535080956052,0.2405721716514954,0.3099738296016284,305,13,0,D - Extended Retirement + Periodic Quota
3,2038.01,4.019067786171217,4.323415006157163,4.9728857104958175,4.46931654921399,5.0,4.823799484829693,3.932959024880097,4.593081974200961,4.979376344244835,4.683661982058082,5.0,4.82780533345057,3.3371457851990103,4.815939782033649,3.916651316032354,4.90344123731104,3.7308989697732513,3.251926063734414,4.160775719818731,4.2030417494717724,4.976043784984469,4.290260642380949,5.0,4.904504402027021,0.950093437396944,0.9013960646366934,0.8071891832472243,0.9807628888644608,3163,944,204,4419,55,312,0.2677354709418837,0.2307692307692307,0.3058510638297872,265,15,0,D - Extended Retirement + Periodic Quota
3,2039.01,4.025581224795324,4.2947531373717664,4.968759537689278,4.46778370039519,5.0,4.824787097258677,3.9356277956578376,4.569802195882101,4.974828262843883,4.678826177572198,5.0,4.827398173843999,3.3108456247890525,4.805454023648821,3.9324445093852862,4.893743686171463,3.74226628309115,3.2447465696199487,4.1613740390070735,4.166754738049913,4.971755577326577,4.273298278611119,5.0,4.897989017752835,0.9469202698219618,0.9058940617051864,0.8003980979763353,0.977994028530355,3122,955,202,4412,52,300,0.2553277040611178,0.2073324905183312,0.2885514018691589,267,13,0,D - Extended Retirement + Periodic Quota
3,2040.01,4.033759746096331,4.267051625104374,4.9713552229095805,4.462278635592577,5.0,4.807715150556256,3.940740631191615,4.547914767671469,4.976913772289951,4.674435438349545,5.0,4.806131725158407,3.2849192810911023,4.802751295349458,3.917239698689566,4.884084650893559,3.733411870429261,3.210127938570473,4.164035024360739,4.1310764865722085,4.974518292655738,4.2567439851982,5.0,4.879989074447911,0.943000557724484,0.9106525376464026,0.7907417735638594,0.9750139431121028,3073,973,195,4396,48,280,0.491747572815534,0.5592948717948718,0.5627444009953786,291,13,0,D - Extended Retirement + Periodic Quota
3,2041.01,4.277728468266737,4.388086762586501,4.970894712944903,4.589279660145276,4.927727272727273,4.796889905354172,4.174796171457639,4.669521635586845,4.977134179842993,4.7622460926886285,4.927727272727273,4.790846778331355,3.456633496068884,4.8497979933793145,3.860692210909773,4.912429637185888,3.64885838313807,3.1838896914792048,4.357912032443992,4.279020995276992,4.974682764348223,4.433037586858392,4.927727272727273,4.869767447486551,0.9860591635498128,0.9152215799614644,0.8781593562280403,0.9907061090332088,2998,1001,181,4346,44,253,0.6126949973103819,0.6739130434782609,0.6799381522999614,357,15,0,D - Extended Retirement + Periodic Quota
3,2042.01,4.400048208174958,4.408511377455444,4.9431578517678565,4.634821236614766,4.931420725063388,4.786997419948019,4.285212967953667,4.707160996961716,4.950081305459136,4.80026254015821,4.930350419819886,4.773752791878335,3.520784584538777,4.846180601589599,3.7770853335503465,4.919390994132783,3.5952306641131457,3.15192618026599,4.4632343480835335,4.316199849249944,4.947529158018172,4.511105974662363,4.931420725063388,4.861548093069721,0.9904553817847286,0.9198482060717572,0.936292548298068,0.9908003679852806,2937,1014,177,4292,40,236,0.7065659500290529,0.7727272727272727,0.775755068266446,345,18,0,D - Extended Retirement + Periodic Quota
3,2043.01,4.473145446245178,4.439341562019964,4.945324537170239,4.667575294386242,4.8986512122295,4.774636807106818,4.36375667724371,4.750521034060847,4.952022357518108,4.828598904772399,4.896562256405285,4.759494104300158,3.5591987324256604,4.857287286022587,3.7518667167601705,4.92868821936964,3.514936028082549,3.1391834834275176,4.52871937590668,4.367097935185917,4.950129745564786,4.570912295110989,4.8986512122295,4.846994101546897,0.9953407105416424,0.9245195107746068,0.9468841001747234,0.9953407105416424,2906,1021,167,4226,40,225,0.8427393785668992,0.9300567107750471,0.9139492753623188,328,17,0,D - Extended Retirement + Periodic Quota
3,2044.01,4.533755039838485,4.49646402679624,4.946946686630556,4.715546797880784,4.911249882077792,4.745793200525924,4.448112892696105,4.802355562440458,4.951710802237531,4.854056026421655,4.907408164821921,4.71931611806539,3.632034346979392,4.875289176249865,3.670732474573932,4.941622075736949,3.5736287310504715,3.091384514440734,4.585012846916902,4.443912356231327,4.949991558425427,4.6450256934266445,4.911249882077792,4.822740447888221,0.9952696310312203,0.9399243140964996,0.9374408703878904,0.9952696310312203,2882,1027,156,4138,39,214,0.9605442176870748,1.0,1.0,345,16,0,D - Extended Retirement + Periodic Quota
3,2045.01,4.571352628051047,4.55087218048258,4.934599400162302,4.752153800653387,4.881598415808339,4.734681722447918,4.48889016820177,4.819220748013715,4.939282593774003,4.864301981367013,4.876466901720156,4.705235985842859,3.69601423235267,4.8945758823285,3.613216216186807,4.9514551073161845,3.5003706948226943,3.0833891953212147,4.619307927662469,4.498461565688445,4.937875262231267,4.675957842365908,4.881598415808339,4.810841601858997,0.9951813034574148,0.965425852306951,0.92820142151548,0.9951813034574148,2858,1024,145,4035,40,199,0.9271746459878624,1.0,1.0,372,17,0,D - Extended Retirement + Periodic Quota
3,2046.01,4.571673765597774,4.523036390456504,4.92810899928105,4.752317915110333,4.848561405973577,4.722795042782377,4.488503828810325,4.801024744225518,4.931475139779859,4.864148142133386,4.841518718923853,4.67738645799546,3.6626479757332655,4.887066578760356,3.5150333403150658,4.950921558365375,3.411570883473106,3.031044133739472,4.61503043860315,4.461471878988017,4.931680427852478,4.659431965201627,4.848561405973577,4.793071225146032,0.9950890116635972,0.9664825046040516,0.9258440761203192,0.9950890116635972,2813,1038,133,3935,39,187,0.9201365187713312,0.9438202247191012,0.9964485032978184,375,19,0,D - Extended Retirement + Periodic Quota
3,2047.01,4.565003469418264,4.506075591370705,4.92953426874888,4.7488721741895725,4.861272206112627,4.70678005372723,4.482097641121201,4.788801329356012,4.932810843500207,4.865064257677414,4.851720884972177,4.659195671877876,3.622656331942855,4.884180383974375,3.494286957638712,4.949714015324173,3.394262464742926,3.0151016938395383,4.605213193114229,4.437403407004978,4.933274426229197,4.642231998250058,4.861272206112627,4.764672045154871,0.995050117559708,0.9648558346739264,0.915728251454028,0.995050117559708,2788,1059,127,3890,38,179,0.8914518317503393,0.8877005347593583,0.961674230963187,283,19,0,D - Extended Retirement + Periodic Quota
3,2048.01,4.572183761359605,4.491871269959936,4.901488153859195,4.749246398685758,4.864472917518492,4.724518667026922,4.486026807836705,4.78170398896861,4.902433013388196,4.867420357319519,4.8523850398034565,4.677241094847106,3.594743127310208,4.883689843067466,3.444754426761983,4.947901802182886,3.3316310953889023,3.022252642337543,4.607913652536559,4.419534641335247,4.9053499424770814,4.629470482606274,4.864472917518492,4.768960713407816,0.9950531783329212,0.9648775661637398,0.9161513727430126,0.9950531783329212,2784,1079,123,3892,36,172,0.873485868102288,0.8350340136054422,0.9353555445052212,209,14,0,D - Extended Retirement + Periodic Quota
3,2049.01,4.585570754015307,4.473503991166201,4.909577744814332,4.751833665838382,4.872981118237068,4.723980222834608,4.4954721776898126,4.771051882721187,4.912242277718087,4.870769810870907,4.858385312538417,4.657556181732834,3.5799059655917067,4.87988236659447,3.4631424728837152,4.947157714386714,3.3141888918227043,2.970719792358407,4.617820754015303,4.395202846220762,4.913536078147666,4.622174474924304,4.872981118237068,4.760752412018952,0.9950878054770969,0.9657374432027508,0.916861107699865,0.9950878054770969,2800,1107,120,3919,35,162,0.8592297476759628,0.782608695652174,0.9098440545808968,153,10,0,D - Extended Retirement + Periodic Quota
3,2050.01,4.597867915346591,4.462381414167898,4.916216963074739,4.755163659497117,4.883573913806528,4.72851648877375,4.505485977647292,4.764875620406058,4.917692129056947,4.873963668319131,4.866978190597947,4.662502969325959,3.5607599842213804,4.881134707766507,3.477575187885585,4.946823776873391,3.3015050946920064,2.9675055818297804,4.6269279722051575,4.381034532622329,4.920242386803554,4.616289662182624,4.883573913806528,4.754756712733392,0.9951308581862448,0.966524650030432,0.917711503347535,0.9951308581862448,2814,1133,118,3959,35,156,0.8440366972477065,0.7457627118644068,0.8825487398953875,136,8,0,D - Extended Retirement + Periodic Quota
3,2051.01,4.600749843253076,4.452006919655128,4.900799901855234,4.757282377048043,4.89444935848021,4.754651783219089,4.508406525493528,4.758235366533061,4.901487277580978,4.877652575170214,4.874037912622638,4.700682753944572,3.529084434108689,4.87995651399955,3.4446146466416323,4.947704474225778,3.3418662551493954,3.0058835407080315,4.627457203479543,4.366721439366245,4.905040973283805,4.613272586482168,4.89444935848021,4.772231841845604,0.9951737451737452,0.9639237451737452,0.9119208494208494,0.9951737451737452,2826,1160,112,4006,33,151,0.8890374331550802,0.7901234567901234,0.9456046624575036,134,7,0,D - Extended Retirement + Periodic Quota
3,2052.01,4.649826361227789,4.4846096640509066,4.905073759477621,4.773685247794684,4.890295963275713,4.761972169588812,4.5557866917600105,4.768368217780735,4.904370733086763,4.884696283693932,4.867282720962759,4.704749052524416,3.573282034567222,4.893482491715107,3.452983592165375,4.951078767429219,3.267923373543291,2.998290291992295,4.673720166537524,4.402002617605776,4.90947190762577,4.633378270155553,4.890295963275713,4.774295115035898,0.9952009598080384,0.9832033593281344,0.9239352129574084,0.9952009598080384,2825,1180,108,4047,31,144,0.9618055555555556,0.8495297805642633,1.0,160,7,0,D - Extended Retirement + Periodic Quota
3,2053.01,4.685728364668095,4.522737203230304,4.887718896792105,4.79268094220756,4.904569626314672,4.777030389436951,4.5968835917660025,4.786351714547936,4.886372004751222,4.894568212678875,4.877833810253493,4.729082720401664,3.605009324995572,4.904888940502834,3.407643385633221,4.956337539311743,3.312206963936235,3.0400598581154674,4.70628014839011,4.444593151612279,4.892286204484413,4.660114668889569,4.904569626314672,4.7850067514483055,0.9952153110047848,0.9961722488038276,0.935047846889952,0.9952153110047848,2830,1196,104,4061,30,139,1.0,0.9352750809061487,1.0,183,8,0,D - Extended Retirement + Periodic Quota
3,2054.01,4.709513823280116,4.580925413260716,4.894215115441064,4.806608755683756,4.948598091601989,4.769302135690405,4.626261214495097,4.810113419125919,4.890972689331714,4.901522482720141,4.914482221415333,4.714480974362879,3.628661124550878,4.918659106431882,3.423736647171887,4.959319142263834,3.516805640573598,3.025044835753917,4.727708419168873,4.514719848344771,4.898918085738093,4.679733544602469,4.948598091601989,4.773493939555092,0.995243757431629,0.9990487514863258,0.936385255648038,0.995243757431629,2840,1213,101,4097,29,130,1.0,1.0,1.0,159,9,0,D - Extended Retirement + Periodic Quota
3,2055.01,4.729489209563843,4.620912786621533,4.873435187746456,4.810331717700852,4.927103155635535,4.777463427504678,4.653532120552142,4.823754427567225,4.868461601973174,4.905502571085806,4.889750592816066,4.720925327379202,3.6221601386493982,4.924476570649507,3.4015888917260244,4.9602064199453615,3.372892212494984,3.050123165056667,4.744473440873628,4.561388272343609,4.878542714628176,4.684056789919309,4.927103155635535,4.781263427504679,0.9952634695085848,0.999644760213144,0.9375962107756068,0.9952634695085848,2824,1241,93,4136,26,125,1.0,1.0,1.0,173,8,0,D - Extended Retirement + Periodic Quota
3,2056.01,4.745946036419269,4.631990304567778,4.849971365370361,4.814332283380658,4.952403886053627,4.788126102636043,4.677681838913244,4.83040622130812,4.8432710194629145,4.910405389419048,4.906967146783388,4.73189805165053,3.610274130311207,4.926484759227058,3.3296664162931884,4.960721842580652,3.440993392275673,3.087770388901748,4.757896990794605,4.5745218093712845,4.855494621184315,4.688673350935543,4.952403886053627,4.792117699274699,0.9952874646559848,0.9997643732327992,0.938147973609802,0.9952874646559848,2816,1265,86,4178,24,119,1.0,1.0,1.0,166,9,0,D - Extended Retirement + Periodic Quota
3,2057.01,4.758121543666995,4.630395995954324,4.842718777311852,4.8164408696992815,4.87928136243865,4.782285823153512,4.695902663977533,4.831366265301409,4.833892257374679,4.913885975388813,4.830390348255172,4.720969982058246,3.598107883900648,4.927439884714277,3.3315180891125364,4.960957024799379,3.3501622485051805,3.0927181258931893,4.767996822284885,4.573740960919852,4.848808520901596,4.6907132101268765,4.87928136243865,4.78664362131865,0.9952841311011554,0.9998821032775288,0.9385758075925488,0.9952841311011554,2795,1277,78,4200,23,109,1.0,1.0,1.0,214,8,0,D - Extended Retirement + Periodic Quota
3,2058.01,4.75968434997941,4.630635671089132,4.821573990451474,4.820544128983191,4.9235983179379,4.794062568066186,4.703063275208538,4.834533176903334,4.798193994086414,4.918336137562973,4.8938534731972885,4.724556450653705,3.584598131781719,4.9305326597437205,3.2768814763837604,4.962703271758008,3.581333838739332,3.0888723063759747,4.767901006444118,4.576068295830497,4.821573990451474,4.69580847426856,4.9235983179379,4.794062568066186,0.995292456160998,1.0,0.9378604213251736,0.995292456160998,2802,1289,68,4215,20,103,1.0,1.0,1.0,196,11,0,D - Extended Retirement + Periodic Quota
3,2059.01,4.766674860119018,4.626609611897399,4.819630752217833,4.822484195054065,4.927881719290888,4.787505082130161,4.714318797159142,4.836999097532005,4.793167488019284,4.921138859709718,4.898291741470978,4.722444411635595,3.5737092760403817,4.930900312591893,3.2781842843124456,4.96315682264142,3.564323729436754,3.122799970151989,4.772808501524166,4.571893873569641,4.819630752217833,4.698327119915604,4.927881719290888,4.787505082130161,0.995296331138288,1.0,0.9367356538099718,0.995296331138288,2799,1294,64,4233,18,96,1.0,1.0,1.0,203,10,0,D - Extended Retirement + Periodic Quota
3,2060.01,4.775697832498497,4.627367471636331,4.799483949973161,4.822281011919451,4.915407060990163,4.821523871495068,4.727537168790983,4.840196800863605,4.766315033025182,4.92258743159387,4.868488974690521,4.766491670050876,3.5638624725313486,4.93252221859105,3.2664144062216365,4.9622108280768575,3.44701060426622,3.22899567382726,4.780251812296548,4.573242770346097,4.799483949973161,4.6980047331209205,4.915407060990163,4.821523871495068,0.9953040619863818,1.0,0.9384832120216012,0.9953040619863818,2793,1300,60,4258,15,92,1.0,1.0,1.0,196,10,0,D - Extended Retirement + Periodic Quota
4,2027.01,3.8327188499157576,4.689529722626832,4.8213225615367605,4.373173105289734,4.804759909444021,4.668701227801397,3.77034127339496,4.755928121070318,4.823896177582956,4.507200956566093,4.791067540797422,4.690335368169173,3.4984577901153364,4.736705081162672,3.656990664796808,4.785439420320332,3.4000715923649705,3.1583144213052603,4.05714124526457,4.658492355745713,4.932180917556056,4.398279437979026,4.93395277213251,4.844989982472681,0.9099053627760252,0.8364668769716088,0.8442902208201892,0.9482649842271292,3025,550,233,3652,63,402,0.385707741639945,0.6467065868263473,0.5210329029571013,0,0,0,E - Accelerated Outsourcing
4,2028.01,3.736124205790305,4.242554012246074,4.851757095777207,4.224262044431369,4.835963370153465,4.703062337311001,3.679752293787964,4.431559755479723,4.851687477762277,4.425573203479129,4.822557822072535,4.719807988930677,3.3130009077676457,4.497187427337199,3.6825542632015726,4.681262635149726,3.434644586967436,3.177838146605818,3.940718210665648,4.154158201169806,4.952283723292203,4.17822451665262,4.951477422070333,4.868976382363111,0.8796610169491526,0.8625988700564972,0.8016949152542373,0.9212429378531072,3294,741,218,4167,59,371,0.3276904474002418,0.3954802259887006,0.4135006784260515,301,0,0,E - Accelerated Outsourcing
4,2029.01,3.729588639139972,4.1770710054760105,4.867867826637995,4.209174706769947,4.872061491490353,4.724801588238675,3.671541246456995,4.394448751647302,4.868203617707716,4.436074363444598,4.859668016022413,4.741124646816304,3.2671473805749027,4.492057322991588,3.684524941487294,4.6831144384059815,3.487086362799118,3.204189130482745,3.924353550660505,4.079352576569034,4.957348006971875,4.13658271411524,4.967453660948875,4.875695349248038,0.872099478183635,0.8725435772177196,0.7926057510824914,0.9138447873875876,3333,798,206,4272,57,341,0.3106567046795124,0.3411764705882353,0.3816300129366106,293,15,0,E - Accelerated Outsourcing
4,2030.01,3.736647224732333,4.140028113324125,4.890038996011592,4.21148772392906,4.8673145204436175,4.738193251421128,3.675531960892155,4.3802801596980965,4.88840168188945,4.456449188949084,4.851843398535282,4.756101167174472,3.2376497253544088,4.501544202403375,3.6874549103853567,4.697295703697981,3.467888287782027,3.233754217059326,3.924035373593407,4.031569030040706,4.959296089030008,4.1170513489269895,4.951779731322786,4.882002129030963,0.8815176392278677,0.8808520079875749,0.7864433104060351,0.9230086532061238,3298,846,188,4314,53,315,0.2974036191974823,0.2975460122699386,0.3604541154210028,320,15,0,E - Accelerated Outsourcing
4,2031.01,3.7364563319850967,4.103569349317522,4.922370864443336,4.208323406420587,4.90789896048563,4.715412107789131,3.6732965401171582,4.365241534181814,4.917003945935488,4.470578221639831,4.896859954412674,4.733737455610363,3.2023636842488825,4.510521864362123,3.7240042992411344,4.706064646476306,3.5286095903585,3.212087228826696,3.915291366357343,3.9870285625001327,4.971827798424462,4.090605347428667,4.96818201692546,4.86426612686709,0.8946105171285185,0.8892646737944577,0.7777656556840498,0.934540693868645,3311,911,176,4425,51,292,0.2813467492260061,0.2688022284122562,0.334841628959276,257,16,0,E - Accelerated Outsourcing
4,2032.01,3.751259513674285,4.074757563314754,4.941059607025527,4.209082140901589,4.925866493346044,4.714036768359845,3.68589170417398,4.355221168101907,4.935873222932151,4.486514178664682,4.913222086819152,4.719308011406084,3.1744888870324943,4.522513491474175,3.722102866370256,4.717520976097767,3.532523998145457,3.164449832673174,3.922372976152947,3.951604088638085,4.975689491780095,4.068025182913843,4.975262997640375,4.861606664419884,0.8948167425721102,0.8968770331815225,0.7728258512253308,0.9334200824116244,3293,957,164,4503,47,258,0.2699575780948708,0.2396373056994818,0.3101542042478906,298,13,0,E - Accelerated Outsourcing
4,2033.01,3.788152502534359,4.115931139649953,4.951545195108717,4.253265226409497,4.909108777972293,4.7138947285549255,3.718838437635467,4.400877459967321,4.950996309553857,4.531948987622951,4.895434351192018,4.716354636824493,3.186169985349221,4.582599895286872,3.726568781198376,4.762397274862567,3.529457434900128,3.1622757482189368,3.956778808535145,3.991617284339568,4.979014990592366,4.101639655273639,4.942656409309841,4.863156551923825,0.905203215721304,0.8998436802143814,0.7752344796784278,0.9419383653416704,3159,946,154,4421,45,231,0.2681653954235247,0.2301690507152145,0.3056704075605434,259,15,0,E - Accelerated Outsourcing
4,2034.01,3.823554939629368,4.1405689861487245,4.968086111421807,4.289077246107702,4.897697530217525,4.720038694819755,3.748639350958904,4.432170214394265,4.9670567725091415,4.571694039262388,4.885609889994051,4.716917575493603,3.195823290383047,4.626704154677396,3.7485093635434295,4.802382204279835,3.535749161236648,3.14973210693868,3.988555193333656,4.012414437712243,4.986334973550218,4.125925193877453,4.912104089885975,4.862873422897112,0.915650172612198,0.902071346375144,0.7737629459148446,0.9529344073647872,3053,928,146,4308,43,212,0.2626137303556658,0.2146596858638743,0.2975903614457831,259,13,0,E - Accelerated Outsourcing
4,2035.01,3.85733459395272,4.163297491342727,4.965547156101749,4.321215187502493,4.8676738464851645,4.68896088143819,3.777681607200009,4.460791827553475,4.963300918368722,4.603536142659068,4.853401528539679,4.6805488574322816,3.2030020900781326,4.676539729278513,3.6774800125622686,4.8345023305780055,3.4943398969151818,3.110666734590777,4.019437642150631,4.032579125459314,4.985877084640614,4.145125221812954,4.873807366445954,4.838475987457476,0.925,0.9046428571428572,0.7714285714285715,0.9635714285714284,2939,912,135,4191,38,185,0.2549103330486763,0.1968503937007874,0.2883492161082078,284,13,0,E - Accelerated Outsourcing
4,2036.01,3.897917384239807,4.184189906608662,4.951297656509516,4.344513295652156,4.837142851660517,4.66864823572548,3.813076032429122,4.485646890785127,4.949196884502801,4.61934006789916,4.812502927436992,4.655258203285959,3.2029937146370586,4.721217628038614,3.6355064790330736,4.854479020231539,3.276630580903453,3.0912793235838896,4.054897606264822,4.050127626624261,4.971979323907805,4.153257761390077,4.855332376099028,4.817596537946412,0.926302729528536,0.9071960297766748,0.7679900744416873,0.9650124069478908,2800,900,121,4044,31,164,0.2533572068039391,0.1811023622047244,0.274905422446406,338,14,0,E - Accelerated Outsourcing
4,2037.01,3.935748193686908,4.1925708540448,4.91997091823659,4.374115906541035,4.815438249411655,4.624514389933027,3.842422820187239,4.496849204587681,4.915788156073456,4.638142837845846,4.777149965959053,4.600806737109004,3.195585170222748,4.746266273657939,3.5413579623548563,4.873973036620651,3.1596387357186853,3.0426979827374123,4.086740639235555,4.0527120700548815,4.94132441406027,4.165356046146995,4.844685349070427,4.78999643135803,0.9271103055411704,0.9097617814603832,0.7599689280165717,0.9671154842050752,2686,877,113,3879,27,142,0.2475615420343706,0.1585204755614266,0.26557911908646,338,17,0,E - Accelerated Outsourcing
4,2038.01,3.978821991961944,4.199160357869745,4.8891405004268185,4.398619022447366,4.80165080853523,4.6045045242206335,3.8779909460663538,4.5061016830067855,4.882492979452054,4.650534854346097,4.757426912739106,4.57897662460513,3.193897186725666,4.773588549775299,3.477701881334889,4.8874264753975325,3.097676584482812,3.039124263767451,4.12347340893634,4.053606662252835,4.910702412849761,4.16948623554493,4.840276982515335,4.770235395150874,0.92781001214411,0.9121576035622724,0.7550937795169342,0.970854135744164,2580,855,107,3717,25,127,0.2451737451737451,0.1354581673306772,0.2502522704339051,317,17,0,E - Accelerated Outsourcing
4,2039.01,4.009987956237512,4.2025159143468125,4.899588496961645,4.419219651283933,4.7353528183693046,4.556852777119049,3.899263979035057,4.512139184170284,4.8914788383134775,4.655911699187036,4.682798967174191,4.510582873666764,3.190241025022021,4.795712384344627,3.4569937253787626,4.896952658856349,3.031054368895776,2.9819409271392323,4.149608429891163,4.049346105686919,4.913287936758364,4.166566595067813,4.774176973962864,4.757001558466371,0.9273806159932184,0.9125459169256852,0.7469624187623622,0.9723085617406046,2491,830,96,3525,24,112,0.2356150793650793,0.1155913978494623,0.2346760070052539,337,16,0,E - Accelerated Outsourcing
4,2040.01,4.03254108841602,4.202894177672568,4.872437668250948,4.426811835822345,4.750135304270889,4.531359121245268,3.9140412740436856,4.515927742576178,4.858022580964346,4.649357636858842,4.693079098756432,4.475006779348986,3.1896158641569268,4.817969126975921,3.392006601572933,4.898763861740714,3.036787702779291,2.9652264813202542,4.1689853415970966,4.039385863062788,4.889602102333917,4.149945413235292,4.784236128286504,4.7271554316652,0.9231226765799256,0.912267657992565,0.7400743494423792,0.9718959107806692,2398,799,86,3319,23,100,0.5510996119016818,0.5075471698113208,0.5850047755491882,360,17,0,E - Accelerated Outsourcing
4,2041.01,4.400847584304738,4.426737420435775,4.860806115220309,4.626691045090795,4.65933144976917,4.496622674283498,4.266514882553447,4.720461139545111,4.834101861391028,4.798765919000277,4.589409054153484,4.419443253625465,3.4534781428022843,4.925474608200152,3.3474564041391486,4.950088710508761,2.9412197110602434,2.9023517679328004,4.463500437109236,4.304856942215546,4.879786660791873,4.4407632580215,4.705144265022536,4.686550610114179,0.9978021978021978,0.9138147566718996,0.896232339089482,0.9998430141287284,2286,777,75,3121,22,89,0.7611710323574731,0.7076923076923077,0.7936781609195402,363,18,0,E - Accelerated Outsourcing
4,2042.01,4.594570645862306,4.538598964652958,4.83671714321314,4.728965030341979,4.688750304972095,4.449170862603406,4.460750550703057,4.839248618558303,4.806175704410349,4.868665312271086,4.612095119465939,4.371696209511584,3.6166910355374102,4.9380712460530365,3.3011824577926228,4.968436876152422,2.9299612597547915,2.884281273695737,4.645823265868258,4.471567029965974,4.8563007624231815,4.643033049195601,4.736581432632489,4.633611855976023,1.0,0.916871215840288,0.9759450171821306,1.0,2189,764,71,2981,20,86,0.9406028368794326,0.958974358974359,1.0,269,18,0,E - Accelerated Outsourcing
4,2043.01,4.703283254856077,4.667872949395051,4.813823200048298,4.819765880058829,4.696000422943876,4.473172487781663,4.608119930624606,4.948900438630907,4.78491163855807,4.912886474283646,4.632258575303941,4.385807008849074,3.7717938441997942,4.951135823721993,3.3013616017445995,4.9831082997222005,2.9524290966805578,2.8820675586630338,4.750239366229369,4.657434646807896,4.830910027538359,4.812888814048963,4.720152436743359,4.627385222696412,1.0,0.9474306964164976,0.9770114942528736,1.0,2119,755,66,2877,20,79,1.0,1.0,1.0,200,13,0,E - Accelerated Outsourcing
4,2044.01,4.730869436608192,4.71527179866334,4.78859148765856,4.838199041895679,4.7103593826089165,4.433140979211894,4.644404802016459,4.966341271034161,4.7588130972555325,4.923284297744623,4.64784929798131,4.323374994912029,3.813276192598447,4.953814237481789,3.291854509803229,4.985178818764731,2.983234292523993,2.802095494286009,4.774387508897348,4.713100006379308,4.8044622390197045,4.839307425150386,4.722782659376085,4.600114957708765,1.0,0.9587593138104314,0.979206376711142,1.0,2075,749,62,2798,18,69,1.0,1.0,1.0,148,10,0,E - Accelerated Outsourcing
4,2045.01,4.749152684086935,4.741555082543785,4.809747784141264,4.857998411013181,4.717335865757327,4.552231343335468,4.666610145351413,4.971725273127547,4.786937234529581,4.93176351279192,4.643937006665238,4.444931955800533,3.827002471189012,4.956708855137866,3.3152812641839398,4.987262640575814,2.9561796452840854,2.8793502442503423,4.789535400136322,4.7415970742832245,4.822415565834185,4.861303718106485,4.734193641707794,4.649534196351209,1.0,0.9658104517271922,0.9808680248007086,1.0,2025,744,60,2733,18,65,1.0,1.0,1.0,127,7,0,E - Accelerated Outsourcing
4,2046.01,4.766264500701102,4.767468829046289,4.803329153969214,4.873646852352668,4.644385653243666,4.599249785658803,4.684705531497785,4.973436584877362,4.7806945075534735,4.93773061676515,4.570050071637422,4.496497425611974,3.8435858407199457,4.958673809253774,3.305379438683628,4.98878137260395,2.924632382612709,2.917471534227155,4.804654632949324,4.768063685732107,4.815895126063179,4.876712424684606,4.657156808563333,4.667092960124758,1.0,0.971200869407716,0.9820684658576344,1.0,1966,736,54,2685,18,62,1.0,1.0,1.0,124,6,0,E - Accelerated Outsourcing
4,2047.01,4.789158606268173,4.791733859810227,4.792450922309517,4.885215227616758,4.703127929108657,4.5762565150731565,4.7118649853993135,4.974562649670592,4.759001443117903,4.940743695184906,4.650614170420816,4.477727623682273,3.8534716646755074,4.965956722662732,3.288806249217905,4.989702439537357,3.0298705090359577,2.9224014028647294,4.824554516074151,4.792977644055677,4.806889783673377,4.88815634810338,4.703127929108657,4.6377314742207725,1.0,0.9761594337865525,0.9841683739988824,1.0,1907,725,50,2614,17,56,1.0,1.0,1.0,153,6,0,E - Accelerated Outsourcing
4,2048.01,4.81083123088583,4.81965726444639,4.817637883685955,4.897204519512251,4.711430848048192,4.587102401971409,4.7384587681005765,4.982451889349608,4.787937231650276,4.9444273001886,4.651293967757214,4.507336638524554,3.8582596799648026,4.969805158943444,3.280228483137349,4.990770263912247,2.9988794044381955,2.951992363947665,4.842549471928175,4.820203420715804,4.831375778793994,4.8994690334441335,4.712141095264255,4.627216094350719,1.0,0.9811538461538462,0.9853846153846154,1.0,1842,712,47,2527,17,55,1.0,1.0,1.0,173,8,0,E - Accelerated Outsourcing
4,2049.01,4.827150258811295,4.843275123371281,4.814902309448284,4.90745897440534,4.741363636284556,4.624897751180956,4.7591499533477135,4.982770506023713,4.786470055714789,4.947492095888228,4.680531911428279,4.549560897615725,3.871686141016767,4.971952860242857,3.2622345114257256,4.991435500137583,3.026348167515707,2.9698115206201625,4.856888813213844,4.844499800545632,4.82795708343356,4.909182029585477,4.741363636284556,4.639937054454859,1.0,0.9843719090009893,0.9885262116716124,1.0,1779,703,43,2462,17,51,1.0,1.0,1.0,150,9,0,E - Accelerated Outsourcing
4,2050.01,4.849685806839235,4.86717950387949,4.769198217247689,4.918799765942032,4.769272639521756,4.626441364887277,4.789844401726812,4.983144930232239,4.73927859982311,4.952015408082155,4.706336596778165,4.553149811902062,3.871345353673245,4.974255039068818,3.246908615856468,4.992694554278215,3.0525884035559168,2.978139525614772,4.875478693451848,4.869189614074156,4.781908120255671,4.919847417016346,4.769272639521756,4.639706896839978,1.0,0.989591836734694,0.9891836734693876,1.0,1700,698,40,2397,17,48,1.0,1.0,1.0,159,8,1,E - Accelerated Outsourcing
4,2051.01,4.874118237194515,4.891689663987756,4.778258941071388,4.93048557913496,4.686055235005195,4.620293322792868,4.823366094730547,4.986014217268484,4.757821443256636,4.958805484192806,4.620018100920936,4.540089366624696,3.873250486016321,4.976293263738597,3.1544098523598683,4.9936079789569945,3.0019419379944434,2.956653911979871,4.8955997260018025,4.893998470803249,4.792229529306683,4.930721187477105,4.686055235005195,4.636687369877376,1.0,0.9934723099599916,0.9886291850915984,1.0,1628,688,34,2336,17,46,1.0,1.0,1.0,155,8,1,E - Accelerated Outsourcing
4,2052.01,4.892391529010442,4.90862655210593,4.795295513860173,4.941699622407418,4.707297604961142,4.609052531551081,4.849572947551998,4.983386834933725,4.776798549193008,4.964542273937303,4.640363422077912,4.536141487879177,3.87533036152701,4.9753842993182165,3.1561550991199607,4.995141392724543,3.034824451146371,2.9650858770256194,4.911179747270041,4.9093386120566,4.810139263860174,4.941989722944314,4.707297604961142,4.6212504342080045,1.0,0.9962702939885916,0.9896884598508118,1.0,1544,670,32,2251,16,45,1.0,1.0,1.0,196,8,1,E - Accelerated Outsourcing
4,2053.01,4.90786962319662,4.9300489238417375,4.817359222896579,4.950453171021472,4.724039722094931,4.592858131455993,4.872006549825727,4.9833835925509335,4.769086752481044,4.968029403798742,4.648939939851506,4.497013422716404,3.885671833963405,4.97709190809924,2.999491961666109,4.994831749790233,3.0816725558212448,2.905818147582185,4.924777827640221,4.930764500356054,4.817359222896579,4.949444686690228,4.724039722094931,4.593055280094523,1.0,0.9970306075833714,0.9897213339424394,1.0,1470,653,26,2175,14,40,1.0,1.0,1.0,187,10,1,E - Accelerated Outsourcing
4,2054.01,4.920941999558703,4.951166890844946,4.748137792584077,4.9611367410189295,4.805903693007406,4.624288266586492,4.890260026841937,4.987975798405315,4.70019821875361,4.972480619366978,4.739869265723739,4.535496795955625,3.886492974914536,4.977861689638743,2.9922233013240778,4.996238597411341,3.2452406040110144,2.945770260429562,4.934323002667404,4.9498838175147135,4.748137792584077,4.959777015852417,4.805903693007406,4.624288266586492,1.0,0.9985680190930788,0.9902147971360382,1.0,1399,626,24,2092,13,36,1.0,1.0,1.0,194,9,1,E - Accelerated Outsourcing
4,2055.01,4.934658005134882,4.96685950203691,4.660009594360452,4.966653168262488,4.782656905135084,4.659173824487247,4.910486307831168,4.992486619818422,4.607151180214838,4.975712671205901,4.702583178319963,4.605920560162347,3.88322252454256,4.97944208907714,2.9790286900264182,4.996106397152347,3.158350651200489,3.0778959450223744,4.945260963482722,4.965444425718831,4.660009594360452,4.9642619870818985,4.782656905135084,4.659173824487247,1.0,0.9992518703241896,0.9907730673316708,1.0,1329,602,21,2011,12,35,1.0,1.0,1.0,188,10,1,E - Accelerated Outsourcing
4,2056.01,4.95681952378854,4.975801245550117,4.5483068607453285,4.972650628163717,4.888108204567887,4.636050273646527,4.939610265977129,4.992190057536125,4.488076471579756,4.980096714334986,4.827409848657393,4.582676879353003,3.877869981528683,4.982730287443501,2.934654511053297,4.995900806280896,3.3697891345738227,3.051165443548206,4.962558152342408,4.973403153509997,4.5483068607453285,4.967394288842363,4.888108204567887,4.636050273646527,1.0,0.9994743758212876,0.990801576872536,1.0,1239,579,18,1924,11,34,1.0,1.0,1.0,212,9,1,E - Accelerated Outsourcing
4,2057.01,4.967776402046063,4.981495603015719,4.429444294213004,4.978062687203914,4.922854991239448,4.614864329263841,4.956458462819088,4.992938192281948,4.353206937025795,4.983807578273269,4.879607343068356,4.555646000636906,3.8823634933844784,4.9821956781493695,2.9218261896755693,4.996560453294073,3.466711029500746,3.0737225184898214,4.9710097072024455,4.974390241957609,4.429444294213004,4.971288066593775,4.922854991239448,4.614864329263841,1.0,0.999724517906336,0.990633608815427,1.0,1183,556,14,1836,10,31,1.0,1.0,1.0,185,11,1,E - Accelerated Outsourcing
4,2058.01,4.977464311086727,4.986859728467119,4.527363876384499,4.981538500069411,4.661524301625416,4.687649650574004,4.969109982356612,4.9965612033394775,4.458644663632622,4.987098737886853,4.619986036889064,4.628286543927183,3.887976618301232,4.984288620547931,3.067297355670547,4.996306189464682,3.2285728494732,3.1969456437473287,4.9790923217914544,4.977901258813578,4.527363876384499,4.971660736681114,4.661524301625416,4.687649650574004,1.0,1.0,0.9913594470046084,1.0,1121,530,13,1770,12,26,1.0,1.0,1.0,166,9,1,E - Accelerated Outsourcing
4,2059.01,4.98208230221036,4.988189248107474,4.354203914412041,4.987260075541272,4.699689660003925,4.795894018345654,4.976298314120288,4.99721984811544,4.2835007566644565,4.994038235903705,4.677251655383005,4.741027422000276,3.888815087644337,4.98688087463573,2.925038756184112,4.997176469840336,3.389063491475089,3.332715060405817,4.982640441745243,4.977399211746033,4.354203914412041,4.975447386853382,4.699689660003925,4.795894018345654,1.0,1.0,0.9919427036705462,1.0,1075,516,14,1711,10,25,1.0,1.0,1.0,128,8,1,E - Accelerated Outsourcing
4,2060.01,4.970911760232388,4.989160947075733,4.309146530720737,4.985740180528279,4.750612450601414,4.80953556544549,4.963452351228622,4.998769478316049,4.231914197789005,4.993830103103835,4.721744867611338,4.74237884023708,3.8575879833915847,4.988789444264113,2.885103474327149,4.996969764811366,3.440694328089627,3.3113737192237,4.971381243800463,4.976248178842518,4.309146530720737,4.967169131413234,4.750612450601414,4.80953556544549,1.0,1.0,0.9871282734132268,1.0,639,422,14,1146,10,22,1.0,1.0,1.0,1103,6,2,E - Accelerated Outsourcing
5,2027.01,3.8327188499157576,4.689529722626832,4.8213225615367605,4.373173105289734,4.804759909444021,4.668701227801397,3.77034127339496,4.755928121070318,4.823896177582956,4.507200956566093,4.791067540797422,4.690335368169173,3.4984577901153364,4.736705081162672,3.656990664796808,4.785439420320332,3.4000715923649705,3.1583144213052603,4.05714124526457,4.658492355745713,4.932180917556056,4.398279437979026,4.93395277213251,4.844989982472681,0.9099053627760252,0.8364668769716088,0.8442902208201892,0.9482649842271292,3025,550,233,3652,63,402,0.385707741639945,0.6467065868263473,0.5210329029571013,0,0,0,F - Complete No-Quota
5,2028.01,3.860087016458563,4.710216623412163,4.854998331903524,4.397118602208234,4.843900626436361,4.6933866581016535,3.799386942904922,4.776043269571187,4.854753020176121,4.536793261846717,4.831143733907735,4.709524736905796,3.524762114920457,4.761592143295516,3.681572429919104,4.81124603538511,3.436804878377384,3.164846457125699,4.080970203109731,4.688029606083108,4.953097916175442,4.42493548390203,4.9538252887443495,4.863171755329763,0.9166885331933876,0.8408554185253214,0.8554185253214379,0.9517187090002625,2880,541,229,3521,62,389,0.3933236574746008,0.6344410876132931,0.5295395308427454,303,0,0,F - Complete No-Quota
5,2029.01,3.8819056511529486,4.724134171834796,4.870442356715815,4.414636001930834,4.880763252114451,4.71657258217186,3.8194527019170703,4.790110294807568,4.8708199828563385,4.562889877777091,4.867642686832587,4.729660489115211,3.546311483504449,4.779078460316407,3.69737695586319,4.832480360260687,3.477602797091559,3.18541992873653,4.0990561523462485,4.71126729410894,4.953700765263092,4.445084443047651,4.970078365711062,4.8766544044737135,0.9225217864923748,0.8442265795206971,0.8624727668845316,0.9564270152505446,2759,531,228,3388,62,376,0.4012188928390046,0.6189024390243902,0.5344202898550725,293,15,0,F - Complete No-Quota
5,2030.01,3.901454293472486,4.728248752591065,4.887624799254226,4.432709682155655,4.907757111584944,4.724823394550989,3.836894673134738,4.797816247828369,4.885334482824208,4.587621343087176,4.891945894652769,4.735393188450626,3.5612247328946904,4.789317645896544,3.698091916834262,4.851855805142888,3.488036675384831,3.188816818275358,4.11575778987819,4.724253464664254,4.957040677335173,4.466156568308025,4.983632640001825,4.879162639742987,0.9280739161336176,0.8476190476190476,0.8689410092395167,0.9606254442075336,2618,522,217,3252,59,367,0.4060150375939849,0.5914634146341463,0.5419630156472262,324,15,0,F - Complete No-Quota
5,2031.01,3.918907060660601,4.738783475535331,4.906558473579274,4.448591279819817,4.930800052122411,4.723707674167097,3.853457479515537,4.8105284105026485,4.902672026747744,4.608898928087617,4.918963652664568,4.731665069236585,3.5814978138458176,4.8026727449998114,3.716972204778669,4.867565076667613,3.517420338992056,3.178858144141029,4.130180108213762,4.745512590553345,4.95891232810625,4.485654655513427,4.995026269528284,4.87681649716161,0.93194874060981,0.850493445279128,0.874650169391663,0.9658270732066578,2495,519,214,3148,58,355,0.4111990950226244,0.5920245398773006,0.5446516192345436,262,16,0,F - Complete No-Quota
5,2032.01,3.94559718298604,4.739203212730892,4.92950679264728,4.460252682505201,4.950918465438595,4.71684009700753,3.881139105122748,4.815239593618465,4.92530903958253,4.626352586118421,4.938201313825858,4.716681503187428,3.599945596697347,4.805468222929052,3.737041527963029,4.879429371754094,3.5313811309258045,3.148461917564245,4.153819911025277,4.751004607624915,4.966054879578959,4.499881251890236,5.0,4.869992440797891,0.9376635370170848,0.853624749884562,0.8799445898106818,0.971371402185624,2366,509,210,3028,56,328,0.4201680672268907,0.5709876543209876,0.5433231396534148,305,13,0,F - Complete No-Quota
5,2033.01,3.9641031958858775,4.744670687205109,4.930896900065452,4.474010350868418,4.967342333568124,4.726130599100342,3.90135708980809,4.8226053850125945,4.930279213046069,4.641570011436727,4.955526536953408,4.722307733821684,3.6171515550502176,4.811278943592171,3.7472139430031457,4.887832115697161,3.5581856436414525,3.1490661652064547,4.171081775931868,4.760041345897281,4.956233210493529,4.514078429565342,5.0,4.8749430272344,0.9410917240275332,0.8564110773171122,0.8865055226508725,0.9777493196734433,2232,499,207,2945,55,309,0.4271099744245524,0.5496894409937888,0.5418848167539267,265,15,0,F - Complete No-Quota
5,2034.01,3.980444745191367,4.744214931385649,4.945792716727831,4.480806910136916,4.980277497082065,4.727219610745985,3.915970007957037,4.8247813400831845,4.946438758857324,4.654149616324518,4.969436259356333,4.719165867699766,3.628327836329879,4.807993522140085,3.773986617935648,4.893651404713967,3.5714635520373013,3.140122930586968,4.183698485262728,4.762132389334833,4.962201726202376,4.52129659945739,5.0,4.869465675578993,0.943100283664275,0.8580010011680294,0.8872017353579176,0.9816452527949274,2125,479,204,2835,52,298,0.4261744966442953,0.5206349206349207,0.5349214943151056,267,13,0,F - Complete No-Quota
5,2035.01,3.995105688210892,4.737238376265475,4.933856956555066,4.48680368274483,4.99211770187964,4.722650456058721,3.930265298045612,4.822549571035603,4.934147709016097,4.665675807663845,4.980291885247508,4.708530745347903,3.636427783174149,4.81600988432756,3.722509631337532,4.898152083518983,3.564152907198537,3.1193954526841985,4.194661203019924,4.755903633195792,4.948738556413042,4.527354010079538,5.0,4.867533419000036,0.94750656167979,0.8598425196850393,0.8853893263342082,0.983902012248469,2013,464,199,2715,48,276,0.4216101694915254,0.4777070063694267,0.5278559369724254,291,13,0,F - Complete No-Quota
5,2036.01,4.024651297805399,4.731515179463671,4.925459714363796,4.480107403063172,4.999783107891329,4.702070325158675,3.958200202262973,4.821473014465836,4.924578136890499,4.664299622271422,4.990484660924364,4.680234105777682,3.645155946901399,4.825949548154436,3.6633695188515247,4.897361281581284,3.5378645448506143,3.090199338689315,4.215648503546884,4.750457453743848,4.941082862548717,4.519743192109568,5.0,4.8537411272685365,0.9527265959426764,0.860785408524102,0.8825609529127117,0.9880885911036664,1875,451,186,2569,42,250,0.4323911382734912,0.4408945686900958,0.5138479670005893,357,15,0,F - Complete No-Quota
5,2037.01,4.051587827451536,4.713204896054573,4.919569990869459,4.481972115670514,4.9592307692307696,4.681690079721855,3.978550600374206,4.809828480322241,4.917608595593348,4.67284128591131,4.95709554702733,4.649503620644216,3.644364276152432,4.813804009590513,3.6221360254844783,4.899558548718056,3.495914523479448,3.055506163181028,4.231693021161954,4.730532502116535,4.934906857354231,4.519422803631408,4.9592307692307696,4.840249711221595,0.956995640110979,0.8618707887435593,0.8777249306381292,0.9924692826000792,1756,429,180,2408,39,234,0.4358135731807032,0.3883495145631068,0.5106649937264742,345,18,0,F - Complete No-Quota
5,2038.01,4.083747298236774,4.69218754594808,4.924002403084886,4.477446776486392,4.963885981008353,4.663966542339286,4.006078342264036,4.795799215330678,4.921610026199602,4.675881757678928,4.962778233812139,4.6269048431634605,3.6496030057364273,4.809027466570199,3.601707124927004,4.899407218921369,3.484784715842998,3.041157235627042,4.250171394066309,4.707118173488444,4.937545670555825,4.511037206511101,4.963885981008353,4.821748659653809,0.963674762407603,0.8625131995776135,0.8747624076029568,0.995987328405491,1650,409,170,2244,38,224,0.4448336252189142,0.3322475570032573,0.496,328,17,1,F - Complete No-Quota
5,2039.01,4.093718553873787,4.674797100716422,4.925737005517647,4.466241963850861,4.886675996603505,4.646295324287984,4.0086927836875255,4.783801578612953,4.917799267281086,4.6742380294566,4.885581715004749,4.595269968305689,3.644697024470684,4.800434164051244,3.5264543074794283,4.898115444539164,3.413682999581771,3.007612987582289,4.25003967888228,4.687548436850684,4.937494680272574,4.496923470633349,4.886675996603505,4.813958161700892,0.9670903313663186,0.8595097594189741,0.8649568769859283,0.9977303676804358,1562,384,159,2051,39,211,0.436982520699172,0.2885906040268456,0.4851556842867487,345,16,1,F - Complete No-Quota
5,2040.01,4.0935306715391215,4.656278712078104,4.901436550418849,4.432426643537204,4.900929191695234,4.6346537469690485,4.003812397019466,4.771592721146602,4.890875718109065,4.653563803219044,4.898270973189925,4.576684037441575,3.648630630925856,4.792730611996985,3.464306939139519,4.889248005814122,3.4138645920002344,3.00215994813984,4.243132577014822,4.66316109319055,4.9142345810484,4.458953664747419,4.900929191695234,4.804072838257028,0.9666748950876328,0.8543569489015058,0.8553443594174278,0.9977783263391756,1467,354,149,1846,39,196,0.4256559766763848,0.2421052631578947,0.4569850039463299,372,17,1,F - Complete No-Quota
5,2041.01,4.11041844955282,4.633246170903599,4.847483632485771,4.397801517404808,4.907507800842391,4.64021344704729,4.013416704504158,4.7541468869517445,4.822101683295672,4.636497227337155,4.903101011189482,4.563375050456086,3.645399330343845,4.777344060904404,3.3482157433689204,4.880821045415482,3.3851826902991093,2.96335513777062,4.246393031764251,4.637779822604667,4.870559149566519,4.41695493810233,4.907507800842391,4.806478429404149,0.9702300405953992,0.8514208389715833,0.8427604871447902,0.9981055480378892,1356,332,140,1648,37,182,0.4394904458598726,0.1985559566787003,0.4317984361424848,375,19,1,F - Complete No-Quota
5,2042.01,4.111202597075784,4.630291086283934,4.8366233967872825,4.380731226226057,4.871488430105019,4.643780057366132,4.014237121338466,4.753707131806984,4.815033623245712,4.634582021124816,4.865681947011905,4.556995455101119,3.649153256512834,4.772436060767308,3.333556645595724,4.879566234011589,3.310082617148696,2.951155632330672,4.237976675904665,4.63477882417435,4.8542966755482135,4.3938785927445245,4.871488430105019,4.803319374769156,0.9723112795103468,0.8519382104342758,0.835907898571845,0.9982512387059166,1263,318,136,1506,37,171,0.4319727891156462,0.1865671641791045,0.4101123595505618,283,19,1,F - Complete No-Quota
5,2043.01,4.151215670292188,4.636056965644469,4.82962649358484,4.397148651592502,4.875549026971304,4.652854072659281,4.05226485251127,4.761904449615121,4.806123237790437,4.658671116648702,4.866667159180271,4.562403042957141,3.656705726100325,4.772321074464546,3.319119386058141,4.885120519918397,3.251183767163302,2.9446349906264,4.26050928430338,4.639498519343442,4.846230037136826,4.400431500834057,4.875549026971304,4.795741371435781,0.98053152039555,0.8550679851668727,0.8442521631644005,0.9990729295426451,1192,308,131,1405,35,165,0.4501216545012165,0.1666666666666666,0.4064064064064064,209,14,2,F - Complete No-Quota
5,2044.01,4.202527599996817,4.643120940950568,4.832874234927499,4.429939359304731,4.8835815442614345,4.669416201787654,4.105499492813755,4.769899519560073,4.812149807329848,4.69178982190481,4.872641964944577,4.561070357229629,3.67798551658439,4.770023943683522,3.3170872052116005,4.895588959648332,3.2365586530775112,2.9065133881367515,4.294134685216239,4.640787114763292,4.844649168635492,4.426708856731655,4.8835815442614345,4.800980298184568,0.9899773682508892,0.8577432913029421,0.8645328160362108,0.9993533785968316,1150,301,129,1325,34,154,0.4668367346938775,0.1576923076923077,0.4171122994652406,153,10,2,F - Complete No-Quota
5,2045.01,4.245854067223719,4.648830908400946,4.836034576516837,4.470331203914795,4.893454553961026,4.696428184771324,4.154087184943718,4.778763296185521,4.815844597378486,4.728983290718864,4.880732701960538,4.586223125618397,3.6952493131383672,4.777746522332416,3.324285687497877,4.906212391306806,3.2265686015655857,2.910360842268166,4.325748648912865,4.644436744490154,4.843754251238201,4.4582799120288055,4.893454553961026,4.804451222145025,0.9932546374367622,0.8623946037099494,0.8836424957841484,1.0,1101,295,128,1260,34,147,0.4798387096774194,0.15234375,0.4350797266514806,136,8,2,F - Complete No-Quota
5,2046.01,4.259605386286764,4.653681579218284,4.828963052369066,4.496533649955582,4.90242394486865,4.734409368941021,4.173819607060174,4.785838712895836,4.806939550927029,4.756147839348554,4.887537719272404,4.630788372352293,3.698694656351464,4.776931027632334,3.310517877942215,4.915040566689956,3.2695454875198857,2.94025285925344,4.335291113280193,4.646962850413699,4.834717073831974,4.481085160176705,4.90242394486865,4.816793091106026,0.9940098661028892,0.8671599718111346,0.8939393939393939,1.0,1043,287,122,1212,32,142,0.4690140845070422,0.1434262948207171,0.4394299287410926,134,7,2,F - Complete No-Quota
5,2047.01,4.310341702694642,4.6532506548998525,4.835364320754317,4.501597815967787,4.8991735754977,4.7577123973988895,4.236903050796619,4.78841795189649,4.811291243211395,4.764940979373731,4.881573682400925,4.653302053532327,3.717413538219841,4.800622803313456,3.3117760990812544,4.917520973697753,3.198158453189798,2.94271755534173,4.379288628802264,4.644158860612994,4.840611469271918,4.48298483984288,4.8991735754977,4.819002086449861,0.9955307262569832,0.872998137802607,0.9124767225325884,1.0,986,276,118,1140,30,135,0.491679273827534,0.1358024691358024,0.4321608040201005,160,7,2,F - Complete No-Quota
5,2048.01,4.366285020808691,4.668438379025633,4.828324271308728,4.503207201891496,4.911260807602578,4.776985170331995,4.301282617961161,4.814439654228003,4.803571951904089,4.771277203815104,4.891083891465376,4.679049312123182,3.7394014543050167,4.82114297176629,3.298353181430822,4.917764356998851,3.2450835383572074,2.965526761213521,4.429790455591306,4.654049971182936,4.832874558503509,4.477939752606047,4.911260807602578,4.8188395067245775,0.99601593625498,0.8804780876494024,0.9250996015936256,1.0,920,263,114,1054,29,130,0.5231788079470199,0.1191489361702127,0.4224021592442645,183,8,2,F - Complete No-Quota
5,2049.01,4.38833093058068,4.671912838057007,4.843500378984867,4.508964664300541,4.924451179737875,4.781600364079968,4.329903687869902,4.821159144758333,4.820260650684192,4.77966310576729,4.900884651065851,4.6846805749658005,3.7525974482325752,4.82495999388353,3.3287844391199566,4.919378133261909,3.294062334282774,2.9622475840760827,4.450087056601682,4.65249897209406,4.847779658264146,4.478585198826157,4.924451179737875,4.806805177122611,0.9970338983050848,0.8851694915254237,0.9309322033898304,1.0,857,255,111,988,28,121,0.5195035460992907,0.1283185840707964,0.4195402298850574,159,9,2,F - Complete No-Quota
5,2050.01,4.444179683188281,4.683156292921535,4.803858818042813,4.532162648104179,4.916572649597592,4.815834163705729,4.390399600553849,4.834277282084833,4.77527358667737,4.797583087346927,4.889119682821248,4.73557800150733,3.76701440508453,4.834820160768007,3.276870659375852,4.924731142323205,3.236906560041261,3.010820600436831,4.500574284730697,4.661097232576777,4.808426125735121,4.496886618780803,4.916572649597592,4.828211209266666,0.9977220956719818,0.8952164009111617,0.938496583143508,1.0,778,250,104,923,25,115,0.5467196819085487,0.1363636363636363,0.4265842349304482,173,8,2,F - Complete No-Quota
5,2051.01,4.509927664839299,4.700761954521877,4.784928104970863,4.564752711668242,4.845636011050648,4.850074885709303,4.460560971176673,4.854514283895862,4.752673548607966,4.82186343266338,4.815692316798008,4.788376165899588,3.782766501688644,4.845649665087279,3.215570253008555,4.93316945693122,3.1589987429716206,3.078469109176271,4.559397254655422,4.674099582101095,4.789825012187357,4.5253145926176,4.845636011050648,4.855454756406963,0.998037291462218,0.9087340529931304,0.9440628066732092,1.0,707,240,97,862,24,108,0.5852017937219731,0.1267605633802817,0.4366666666666666,166,9,2,F - Complete No-Quota
5,2052.01,4.557401973127985,4.696753544852553,4.779559495184968,4.557983985334681,4.883740986914568,4.814353361329858,4.507319905844944,4.85197276649091,4.742450035124321,4.828474045993803,4.844163822644187,4.744900052645011,3.803986773361476,4.840723452846464,3.220630546089452,4.935423672083285,3.305598952595307,3.045988203963156,4.60399105820022,4.663321979974695,4.784896573836652,4.511973490066831,4.883740986914568,4.820082441306953,0.9978165938864628,0.9170305676855895,0.941593886462882,1.0,623,220,89,779,22,99,0.6015424164524421,0.134020618556701,0.4267399267399267,214,8,2,F - Complete No-Quota
5,2053.01,4.577578643413792,4.69293393276689,4.7701639891368455,4.569318432538372,4.916837295294421,4.824487236436768,4.534050903964292,4.848439669701896,4.722877636505735,4.838065016396401,4.871284706002474,4.751895820930328,3.813506136571946,4.835120467085882,3.1892787661745143,4.939345198064831,3.4281837445921544,3.041744093910416,4.622732628921038,4.65304856597681,4.7701639891368455,4.5181180045883975,4.916837295294421,4.8246287549653015,0.9993928354584092,0.9241044323011536,0.9447480267152398,1.0,552,204,79,700,19,93,0.6140350877192983,0.1333333333333333,0.4344262295081967,196,11,2,F - Complete No-Quota
5,2054.01,4.625637830716082,4.701665618755211,4.7714744393009845,4.594236341943873,4.892028363431945,4.818389600676656,4.573282109894387,4.877232725272307,4.724094346290354,4.845488028539061,4.834418185884391,4.7502520226739335,3.82315063527294,4.838929433640623,3.224471344479952,4.942799565300673,3.288851896353857,3.0584843408740805,4.6647003307160775,4.6522171861308825,4.7714744393009845,4.538446013753476,4.892028363431945,4.818389600676656,1.0,0.9319119669876204,0.9463548830811556,1.0,480,176,76,620,17,85,0.6783216783216783,0.1428571428571428,0.4418604651162791,203,10,2,F - Complete No-Quota
5,2055.01,4.6932893722856885,4.6951429938281874,4.7807841708665855,4.615007846945709,4.893982248074981,4.825335673182199,4.6262180574021565,4.889011374752879,4.730167827461062,4.850440869265744,4.823710207284946,4.767192663120047,3.83594265996506,4.828420367437397,3.258683224945322,4.94531125347008,3.295643851594659,3.105521982836185,4.727717596129971,4.640136250064846,4.7807841708665855,4.553707453383761,4.893982248074981,4.825335673182199,1.0,0.9408517350157728,0.9487381703470033,1.0,411,152,72,538,14,81,0.7196652719665272,0.1515151515151515,0.473972602739726,196,10,2,F - Complete No-Quota
5,2056.01,4.769120599188081,4.689323114978801,4.8076643337260085,4.647472692932936,4.877818321491503,4.813318086836357,4.699933508122236,4.886372157751706,4.7526451469870015,4.864824251415615,4.796736329656918,4.767560152637951,3.849592802515128,4.83674649427704,3.2916174676463887,4.948626124822598,3.2143103763256464,3.1731662135675074,4.79127444534193,4.629431772330079,4.8076643337260085,4.571941872981073,4.877818321491503,4.813318086836357,1.0,0.9563981042654028,0.9488151658767772,1.0,325,128,63,449,13,77,0.8571428571428571,0.1743119266055046,0.4818481848184818,223,10,2,F - Complete No-Quota
5,2057.01,4.813748872554118,4.721566228581234,4.819889745974996,4.703050707078066,4.907061210999969,4.817916720608432,4.759298680692671,4.921958124999511,4.760357871706651,4.869357947185522,4.835138895740537,4.782070449748266,3.8521820116013945,4.843084056345817,3.3642768620952817,4.945803892067572,3.2921408443840843,3.282012204307331,4.82802126061382,4.650179049515379,4.819889745974996,4.615727174712398,4.907061210999969,4.817916720608432,1.0,0.976905311778291,0.945727482678984,1.0,268,102,52,365,11,68,0.9420289855072465,0.2142857142857142,0.5466101694915254,200,11,2,F - Complete No-Quota
5,2058.01,4.841901282021898,4.695686690307978,4.823941663017563,4.79029768125992,4.93208703722906,4.826651949908216,4.792509959807775,4.926081020206146,4.7848710877598375,4.890806803148432,4.892528905351283,4.799736627247736,3.8443652701996394,4.827985765772635,3.4565227716084004,4.950868624584436,3.3815342396275088,3.4476612033579705,4.850717707142671,4.605540079571151,4.823941663017563,4.690960149667216,4.93208703722906,4.826651949908216,1.0,0.9871244635193132,0.9456366237482118,1.0,207,77,47,298,11,59,1.0,0.2622950819672131,0.6464088397790055,177,10,2,F - Complete No-Quota
5,2059.01,4.859643244845875,4.748175740170204,4.834078509702061,4.864752946377707,4.9369000939361545,4.831902206913842,4.815445498719731,4.940870798148348,4.805734223573089,4.935618178282435,4.914213682341275,4.803214722394657,3.6957908086028017,4.839810560485678,3.572475478903552,4.95844285509995,3.462911478030562,3.496175209776181,4.863416829751536,4.658279805157027,4.834078509702061,4.7497120021429815,4.9369000939361545,4.831902206913842,1.0,0.9947460595446584,0.9422066549912436,1.0,159,62,41,243,9,57,1.0,0.3478260869565217,0.8270676691729323,137,9,2,F - Complete No-Quota
5,2060.01,4.868500137527398,4.856869441021085,4.844831231891416,4.883228001867774,4.95659116136982,4.833433018978451,4.826848316188621,4.965573939173522,4.808633765878481,4.949728224422867,4.9341245663809925,4.805200465171212,3.6200063480652,4.844559407033275,3.513373526067492,4.96762898221804,3.574429861147745,3.541979750480197,4.870722359749621,4.78458668019488,4.844831231891416,4.753923091637069,4.95659116136982,4.833433018978451,1.0,1.0,0.9410526315789474,1.0,135,42,35,201,8,54,1.0,0.6153846153846154,1.0,103,7,2,F - Complete No-Quota
